,list_name,successInSample_count,sample_count,notSample_count,success_count,population_count,pvalue,successInSampleGenes,FDR
36,Lung,234,1271,8543,1180,9814,7.46499693825314e-13,SFTPB; LGALS9; FAM20A; PNKD; ; STING1; PLAT; SFTPA2; SFTPA1; THEMIS2; SFTPC; DNAH2; PODXL; TRIM22; TCIM; LINC02577; IFI16; FCGR2A; SULT1A1; NA; TMC5; SPOCD1; SELP; IL32; NOD1; C5orf38; ZNF467; FAM177A1; PTAFR; FSTL3; IL7R; GADD45B; ODF2L; IL7; IL1RL1; IDO1; BMP5; C16orf89; BTN3A2; ARID5A; ADAM19; NLRC5; ARRDC2; CCL20; GALNT5; CD6; CMTM7; SOCS3; MECOM; FGFR4; PTPN6; ARHGEF38; GMFG; PLXNA2; KRT7; PLEKHG2; HPCAL1; CD96; SFTA2; CXCL1; GRK5; MSLN; AZU1; IKBKB; VAMP8; CARD9; RGCC; PPFIBP1; CRISPLD2; TMEM104; TMEM150A; PICART1; SMURF2; MEIS1; DNAH5; WSB1; VAMP5; SLC39A7; ELF3; KANK3; MACROD2; IL27RA; BMP2; CPNE2; SLC2A9; CTSD; EML4; GPR68; DNAJB13; EVA1A; TREM1; DNAH11; P3H2; PIK3C2B; RP1; BATF3; ITGB2; GCHFR; NOSTRIN; CEBPB; C2orf91; LIMK2; KIFC3; LY96; HOPX; PLCB2; BACH2; F2RL3; CCDC68; UVSSA; WARS1; ESAM; ARRDC1; NAGLU; TEAD2; PIM3; LUCAT1; LUZP1; PPM1M; SERPINH1; EXOC3L1; LAMA3; KIAA0040; BLVRA; SYS1; TCN2; ZFP36L2; VIPR1; BLVRB; SH3TC1; FLVCR2; SPTSSA; MFNG; NR2F1; AREG; MRC2; RNF135; CFAP52; TYMP; SUSD2; PTPRM; EFNB2; ARSJ; MIR4435-2HG; SLC7A7; CMTM3; GPR153; SUMF2; CFLAR; HM13; CSF2; TNFAIP2; CEP70; CXCL3; NRM; APOL1; KIAA1549; MACC1; LXN; ARHGAP29; WDR49; JDP2; LTK; FTL; PAG1; ERAP2; FNIP2; PSMB8-AS1; CHFR; TLR2; ADGRE5; ARHGAP30; ARHGAP27; MOV10; PTK7; PDGFB; OTULINL; SARS1; SOX4; ITGAL; PTGER1; ITGB6; IER5; SDC4; GNA14; CX3CL1; CCDC153; PRR29; PLEKHH2; DLL4; GPR183; SCNN1A; NABP1; IL1R1; TRIM25; SEC61A1; ITGA3; SLC26A11; CPAMD8; CD274; MCTP2; MFSD2A; EPB41L4A; ECE1; STAT4; MFSD10; RALGAPA2; POLD1; PHLDA1; PLEKHG1; DGKH; TSPAN32; MAML2; NOL4L; EMP2; ADAM8; KLF6; ADAM15; LACTB; HDAC7; NEDD9; BTN3A3; FXYD5; SSH2; TNFSF15; SLCO2A1; GRIN3B; LINC01644; SLFN11; LY6E; DRC3; ITGA2; ALOX15B; SCNN1G,3.95644837727417e-11
53,Whole_Blood,122,616,9198,1180,9814,7.07051020396481e-09,LGALS9; LGALS9B; ; DGAT2; LCK; FCRL2; THEMIS2; LGALS9C; LAG3; TRIM22; ANKRD22; FCGR2A; NA; IL32; AQP2; TFAP2D; ZNF467; KRT3; PTAFR; KRT86; NLRP12; IL7R; PSG6; AIM2; NCF4; LINC01800; IFITM2; RUFY4; IFITM1; BTN3A2; ARID5A; ADAM19; NLRC5; PAEP; CD6; LGALS2; CMTM7; PTPN6; GMFG; CD96; DHRS9; AZU1; LINC01588; CARD9; PFKFB4; MMP9; PRLH; DOK3; HSPA6; IL27RA; ARHGDIB; MZB1; ARHGAP9; TREM1; SLC25A37; PIK3CD; HMGB2; RASGRP2; ITGB2; IL24; CEBPB; LIMK2; LY96; MAP2K6; PLCB2; OPRL1; IL1R2; LUCAT1; TCN1; MYBPH; FAM151A; PPM1M; SECTM1; IL12RB2; KIAA0040; E2F2; SH3TC1; MFNG; AREG; LRRC4; PFKFB2; TYMP; GPRC5D; PFKFB3; SLC7A7; TIGD3; SIGLEC15; CSF2; MYBL1; APOBEC3B; APMAP; FTL; PAG1; MGAM2; PSMB8-AS1; TLR2; ADGRE5; FCMR; ATP6V0B; KCNAB2; PADI4; ARHGAP30; ARHGAP27; OTULINL; ITGAL; ATP6V0D1; GPR132; GPR183; NABP1; TRIM25; ICAM3; MCTP2; SH3BP1; STAT4; TSPAN32; ADAM8; FXYD5; SPNS3; SSH2; RAB37; NUP210; NINJ1,1.87368520405068e-07
41,Pancreas,115,589,9225,1180,9814,4.53052525147212e-08,CFI; KSR1; ; CAPN13; PODXL; ANKRD22; SMIM31; NA; FGL1; SYT16; IL32; AQP2; PALM3; TFAP2D; KRT3; KRT86; PSG6; GALNT6; CLDN3; CUZD1; PAEP; LGALS2; SPATA6L; ERP27; MECOM; FGFR4; ARHGEF38; PRELID2; PLXNA2; PLEKHS1; GJC3; VAMP8; SYT8; TMEM150A; PRLH; TFPI2; FBXW12; C4BPB; MEIS1; NUPR1; DNAH5; MEPE; ELF3; CAPN12; CHAC1; C1orf127; CFTR; PWWP2B; SULT1C2; SRPRB; EVA1A; MYO3B; GCAT; ETV4; RNF43; PTPRH; MT1X; CHPF; CXXC4; ACY3; ABHD11; C15orf65; TMPRSS2; UNC5CL; TCN1; MYBPH; BMP8B; FAM151A; RAP1GAP2; GDPD5; DPEP1; STEAP3; CRELD2; IL12RB2; CTRB1; GPRC5D; ZNF69; TM7SF2; TPRN; HAAO; GALR3; HM13; COMTD1; KIAA1549; MACC1; KLB; MTUS1; MGAM2; RCL1; OTULINL; CHST4; PDGFA; RWDD2A; SEC61A1; HYI; HPN; ERBB3; HTR3A; IL22RA1; ENTPD3; SRM; TMEM63A; ARFGEF3; STARD10; SYBU; CEL; OGFRP1; PRSS8; SIL1; SNHG8; TMED3; ERO1B; PEX6; PRR15L; LRIG1,8.00392794426741e-07
29,Esophagus_Mucosa,212,1319,8495,1180,9814,1.63931145996773e-06,PADI1; LGALS9B; MIR205HG; ; KRT15; LGALS9C; ANKRD22; TENT5B; TIAM1; NA; MANCR; RHOV; ACOT11; TPRG1; FOSL1; AKR1C2; KRT3; SOX2; B3GNT6; MUC4; HAS3; EXPH5; ADGRF1; LINC01214; MGLL; SCEL; ATG9B; MUC20; CENPE; CCL20; ADGRF4; GALNT5; TROAP; HELLS; IQGAP3; TGM5; MECOM; FANCI; SLPI; MAB21L4; PLXNA2; CYP24A1; GSDMC; FANCA; RHBDL2; SFTA2; DHRS9; CXCL1; GTSE1; LINC01588; VAMP8; ANXA1; SYT8; SCNN1B; KIF20B; CHEK2; ARL4A; AURKB; ELF3; TICRR; AGFG2; SMC4; SGO1; KIF18B; CDCA3; CHAC1; SLC2A9; PWWP2B; SPRR1B; GPR68; SRPRB; S100A14; TOP2A; ESPL1; HJURP; GUCY2D; ETV4; RNF43; GCHFR; CENPF; LIMK2; ST6GALNAC1; RBBP8NL; HOPX; ST3GAL4; HES1; CENPK; ASPM; CEACAM5; TMPRSS2; ARRDC1; OSBPL3; KIF14; TCN1; CDH3; TLCD1; KIF15; LINC01983; GRHL3; KNL1; DEPDC1B; E2F2; RALGPS2; BLVRA; PLEK2; CDC25C; CYP4F12; RAD54L; BLVRB; XXYLT1; SH3TC1; MALT1; POLQ; SCIN; TMPRSS11D; ABRACL; CTNNBIP1; AREG; NUF2; PCLAF; IGFL1; TOM1; TYMP; TTC39A; CASTOR1; TMEM141; MVD; ACOX1; GALR2; LINC01559; KIF20A; IL36RN; HM13; ZNF726; GEN1; TNFAIP2; MTFR2; EVPL; COMTD1; DIAPH3; NR2F6; MACC1; LINC01572; TRIM16; SKA3; KIF2C; PTPN13; ZWINT; ZMYND19; STK38; TFCP2L1; TRIM16L; BCL11B; ARHGAP27; PTK7; TK1; CDC45; AKR1C1; KNTC1; ITGB6; IER5; PUSL1; SFN; SCNN1A; SNX24; CDKN2A; PGBD2; NDC80; DOK4; EPB41L4A; SH3BP1; ITGB4; CENPW; AIF1L; ERBB3; PHLDA1; KRT78; IL22RA1; EZH2; SAPCD2; ENTPD3; PLK4; EMP2; CENPU; PPARGC1B; IVL; RASAL2; ADAM15; EPHA2; ABCC1; PRC1; SPRR1A; TNFSF15; CSRP2; OGFRP1; SERINC5; PRSS8; LINC01644; NCAPG; PTTG1; AQP3; TMED3; PLCB3; ITGA2; TBC1D10A; ULK3; CTSV; KIAA1217; ALOX15B; GPR1; SCNN1G; ORC6,2.17208768445724e-05
52,Vagina,182,1169,8645,1180,9814,7.06627338240682e-05,PADI1; LGALS9B; COL1A1; MIR205HG; ; STING1; PLAT; KRT15; ANKRD22; TENT5B; NA; MANCR; SH3PXD2A; PRDM8; RHOV; CACNB3; SELP; TPRG1; NPR2; KRT3; MEX3A; WNT16; MUC4; SPTSSB; HAS3; PLEKHG3; LINC00705; ADGRF1; LINC01214; SCEL; ATG9B; IFITM1; MUC20; CCDC80; ADGRF4; GALNT5; TROAP; NR1D1; IQGAP3; TGM5; MCUB; PYROXD2; MAB21L4; GSDMC; RHBDL2; IKBKB; VAMP8; ANXA1; CRISPLD2; SCNN1B; C11orf95; NINL; CHEK2; ARL4A; MEIS1; ASAP3; WSB1; ELF3; CDK3; TICRR; SLC2A9; IGFBP4; SPRR1B; S100A14; P3H2; ESPL1; GUCY2D; ETV4; CCDC102A; TMEM39B; LIMK2; RBBP8NL; DDAH2; HOPX; HES1; LIG1; ETNK2; CHD3; PTPRS; PLEKHA5; ARRDC1; WDR27; OSBPL3; C1R; MAX; FRG2C; CDH3; PHF19; RUNX2; SFRP4; MELTF; PPM1M; LINC01983; GRHL3; PRICKLE2; NYNRIN; LAMA3; E2F2; RALGPS2; CYP4F12; ZNF600; XXYLT1; MALT1; SPTSSA; TMPRSS11D; NR2F1; MRC2; IGFL1; TTC39A; ADAMTS10; CMTM3; CASTOR1; ZNF726; GEN1; TNFAIP2; EVPL; PTPRU; COMTD1; NRM; APOL1; MACC1; TRIM16; ZNF846; ZNF300; PTPN13; LGI4; LINC02614; COL6A1; ARHGAP27; MOV10; PTK7; ITGB6; GNA14; PUSL1; ZNF398; INVS; SFN; SCNN1A; NUMBL; ACIN1; GAL3ST4; PGBD2; COL24A1; ABCA12; NDC80; PCSK5; AMT; EPB41L4A; SH3BP1; ITGB4; CENPW; ERBB3; PHLDA1; KRT78; MEIS2; KRTDAP; KLK14; PCOLCE; TPST1; HHAT; IVL; RASAL2; ADAM15; EPHA2; FXYD5; PLA2G4D; SPRR1A; OGFRP1; SERINC5; LINC01644; SNHG8; AQP3; TMED3; PLCB3; ITGA2; TBC1D10A; CTSV; HOXD3; ALOX15B; GPR1; PBX1; SCNN1G,0.000749024978535123
47,Spleen,173,1136,8678,1180,9814,0.000349210916917337,LGALS9; NOX5; ; STING1; LCK; FCRL2; THEMIS2; ADAM28; LAG3; TRIM22; IFI16; SULT1A1; NA; MANCR; IL32; ZNF467; PTAFR; LINC01547; IL7R; SCN9A; ARHGEF40; AIM2; LINC00705; ODF2L; NCF4; LINC01800; RUFY4; IFITM1; BTN3A2; ADAM19; NLRC5; NFATC2; NOS3; CD6; CMTM7; CARMIL2; MCUB; PTPN6; GMFG; DNMT3A; GSDMC; SMCO4; P2RY6; CD96; PLAU; CXCL1; AZU1; LINC01588; IKBKB; VAMP8; CARD9; MMP9; DOK3; WSB1; CDK3; KANK3; IL27RA; NCOA5; JTB; CTSD; EML4; APOBEC3C; PWWP2B; ARHGDIB; MZB1; EVA1A; ARHGAP9; P3H2; PIK3CD; HMGB2; TM4SF18; BATF3; RASGRP2; ITGB2; IL24; PTPRH; NSUN5; LY96; PLCB2; NAA40; LIG1; BACH2; PHYKPL; ARRDC1; NAGLU; OSBPL3; LINC01116; MAX; TERT; PPM1M; GDPD5; SECTM1; EXOC3L1; KIAA0040; E2F2; RALGPS2; BLVRA; TCN2; ZNF600; BLVRB; SH3TC1; FLVCR2; ADM5; MFNG; ST6GAL1; ABRACL; RNF135; TYMP; TRIB2; ZNF124; SLC7A7; C7orf26; SIGLEC15; RBCK1; ZBTB40; GEN1; TNFAIP2; PLEKHG5; MYBL1; APOL1; ZDHHC24; C2CD2; JDP2; DOCK10; APOBEC3B; FTL; ERAP2; PSMB8-AS1; CHFR; TLR2; ADGRE5; FCMR; ATP6V0B; PADI4; ARHGAP30; ARHGAP27; MOV10; OTULINL; ITGAL; PTGER1; GMPPA; IER5; CEP128; GPR132; GPR183; NABP1; ACIN1; TRIM25; PGBD2; SLC26A11; ICAM3; MCTP2; SH3BP1; STAT4; AIF1L; POLD1; PLEKHG1; TSPAN32; ADAM8; ANKLE1; PCGF3; BTN3A3; IFFO1; FXYD5; SPNS3; SSH2; EWSR1; MTRF1; NASP; SLFN11; SRSF2; NUP210; NINJ1,0.00308469643276981
37,Minor_Salivary_Gland,188,1283,8531,1180,9814,0.00137323030479684,FAM20A; MIR205HG; ASS1; ; AQP5; TFF3; ADAM28; TCIM; ANKRD36C; MISP3; IFI16; SMIM31; NA; TMC5; RHOV; C5orf38; KRT3; MEX3A; B3GNT6; MUC4; CP; LINC01547; GALNT6; ADGRF1; CLDN3; MGLL; C1RL; MUC20; ENPP3; ARRDC2; ACP6; GALNT5; NFATC2; ARHGEF38; SLPI; PYROXD2; KRT7; KRTCAP2; SMCO4; FAM177B; PLEKHS1; RHBDL2; GJC3; MSLN; IKBKB; VAMP8; ANXA1; TMEM208; SYT8; SCNN1B; DNAH5; ASAP3; SLC39A7; LRRC26; ELF3; CDK3; MMP11; AGFG2; JTB; SLC2A9; CFTR; CTSD; EML4; SPRR1B; ETV6; MZB1; SRPRB; S100A14; SLC25A37; RNF207; SPDEF; ETV4; SMARCD2; RNF43; NOSTRIN; LIMK2; ST6GALNAC1; RBBP8NL; ST3GAL4; HES1; NAA40; ABHD11; UVSSA; C15orf65; TMPRSS2; ARRDC1; ATG101; NAGLU; PIM3; LUCAT1; TMEM150C; TCN1; VWA5A; MYBPH; CDH3; RUNX2; RAP1GAP2; PER2; MELTF; STX5; TLCD1; SECTM1; STEAP3; LAMA3; KIAA0040; PYGB; SCIN; SPTSSA; TMPRSS11D; ST6GAL1; ABRACL; MFSD3; CCPG1; IGFL1; TOM1; TYMP; ZNF69; ARSJ; PCDHB13; CCDC148; TENT5A; SUMF2; HM13; GEN1; TNFAIP2; PTPRU; KLHL24; COMTD1; NR2F6; KIAA1549; MACC1; LXN; TRIM16; MTUS1; STK38; MGAM2; TFCP2L1; TLR2; ARHGAP27; PTK7; MET; SOX4; GMPPA; CHST4; SDC4; PUSL1; CX3CL1; CASZ1; CLCNKB; SCNN1A; RCBTB2; PGBD2; SEC61A1; MCTP2; WFDC2; EPB41L4A; ITGB4; DEPTOR; ERBB3; PHLDA1; HTR3A; SAPCD2; MAML2; MEIS2; ENTPD3; RASD1; HHAT; IVL; TMEM63A; ARFGEF3; EPHA2; PCGF3; SPRR1A; STARD10; TNFSF15; OGFRP1; SERINC5; PRSS8; LINC01644; AQP3; TMED3; CDK6; ITGA2; PRR15L; TTC39C; KIAA1217; SCNN1G; GNPTAB,0.0103973151648904
17,Brain_Nucleus_accumbens_.basal_ganglia.,135,890,8924,1180,9814,0.00190895065277338,BCAS1; ; RASGRF1; DNAH2; PRTFDC1; TIAM1; NA; PPFIA4; TUBB3; PLCB1; SOX2; ENO2; SCN1A; OBSCN-AS1; TMOD2; DNM3; SLC7A11; PCDH9; AGPAT4; HS3ST5; STRIP2; ASIC1; ARHGAP33; FAXC; CARMIL2; LINC01597; FBLL1; NRGN; NDRG4; ATAT1; MPP2; ENC1; TMEM145; KIF3C; SYT12; RGS17; NDRG2; TMEM132A; CIT; CLSTN3; PGM2L1; AP4S1; DNAJB2; MACROD2; LY6G5C; CCDC88A; RPS6KL1; GPR137C; FMNL2; DISP3; C12orf76; CST3; NTRK2; MMP24; AGAP2; CXXC4; PSD; OPRL1; TMEM178A; PTPRZ1; LINC00460; TMCC2; RNF187; FRMD5; GAD1; ABHD12; RNFT2; DUSP8; SYNGAP1; STMN3; MAP4K4; CSPG5; SYT5; CNIH2; MAP2; RNF208; SH2D5; SHF; TYRO3; ITPKB; ADGRL1; DLX1; SLC10A5; DDN; POU3F2; LRRC4; CALB1; GPR19; VSNL1; EFR3B; CPLANE2; PYDC1; NGEF; GALR3; BRSK1; MSANTD1; MCTP1; WDR49; RASGEF1A; OMG; LINC00205; PCNX2; BCL11B; KCNAB2; ATL1; ALDH6A1; PIGX; IDNK; ADORA1; SPEF1; BTBD9; SLC18B1; LCMT1; GUK1; NHLH1; HSDL1; TPRG1L; NECAB2; SPRYD3; DGKH; TNIK; MEIS2; ENTPD3; STK32C; ARFGEF3; MARCKSL1; KIAA0319; SEPTIN5; CDK5; SYBU; PASK; ANKRD13B; ARL2; GPR83; SNTA1,0.0126467980746237
15,Brain_Hippocampus,141,943,8871,1180,9814,0.00266381302448563,SLC4A8; BCAS1; ; RASGRF1; DOC2A; PRTFDC1; TIAM1; NA; PPFIA4; TUBB3; CACNB3; PLCB1; SOX2; ENO2; SCN1A; TMOD2; DNM3; PCDH9; AGPAT4; HS3ST5; ASIC1; CARMIL2; LINC01597; FBLL1; NRGN; NDRG4; ATAT1; MPP2; ENC1; TMEM145; KIF3C; SYT12; NDRG2; TMEM132A; CIT; CLSTN3; PGM2L1; MEPE; SLC17A7; AP4S1; DNAJB2; CPNE2; VSTM2L; CCDC88A; RPS6KL1; GPR137C; CNGB1; FA2H; FMNL2; DISP3; C12orf76; CST3; NTRK2; MMP24; AGAP2; CXXC4; PSD; TMEM178A; PTPRZ1; LINC00460; IPO13; TMCC2; RNF187; FRMD5; GAD1; ABHD12; RNFT2; DUSP8; SYNGAP1; STMN3; IFT80; MAP4K4; CDK18; CSPG5; FIBCD1; SYT5; PLLP; CNIH2; MAP2; RNF208; SH2D5; SLC5A11; TYRO3; ITPKB; ADGRL1; DLX1; DDN; POU3F2; LRRC4; GPR19; VSNL1; EFR3B; SYT17; NGEF; LINC01003; ADD3; BRSK1; CXXC5; VSTM5; KIAA1549; WDR49; DOCK10; RASGEF1A; OMG; LINC00205; YKT6; PCNX2; KCNAB2; ATL1; ALDH6A1; PIGX; IDNK; ADORA1; SPEF1; BTBD9; SLC18B1; GUK1; BDNF; NHLH1; TPRG1L; AIF1L; PEX16; NECAB2; SPRYD3; TNIK; SAPCD2; LINC00957; STK32C; GRM2; ARFGEF3; MARCKSL1; KIAA0319; SEPTIN5; CDK5; SYBU; RAB15; MADD; ADAM11; ANKRD13B; GPR83; TMC7,0.0148407158271826
13,Brain_Cortex,146,982,8832,1180,9814,0.00280013506173257,BCAS1; PNKD; ; RASGRF1; DOC2A; PRTFDC1; NA; PPFIA4; TUBB3; CACNB3; PLCB1; TFAP2D; SOX2; ENO2; SCN1A; TMOD2; DNM3; PCDH9; AGPAT4; HS3ST5; VAMP1; ASIC1; FBXL2; ARHGAP33; FAXC; CARMIL2; GPR3; LINC01597; FBLL1; NRGN; NDRG4; ATAT1; HPCAL1; MPP2; ENC1; TMEM145; KIF3C; SYT12; SLF1; NDRG2; TMEM132A; CIT; CLSTN3; PGM2L1; MEPE; SLC17A7; AP4S1; DNAJB2; VSTM2L; CCDC88A; RPS6KL1; GPR137C; CNGB1; FGF9; FMNL2; DISP3; C12orf76; CST3; NTRK2; MMP24; AGAP2; CXXC4; PSD; OPRL1; TMEM178A; PTPRZ1; LINC00460; TMCC2; RNF187; FRMD5; GAD1; ABHD12; RNFT2; DUSP8; SYNGAP1; STMN3; CSPG5; TRAPPC9; RAP1GAP2; SYT5; CNIH2; EXTL1; MAP2; RNF208; SH2D5; SHF; TLCD3B; SLC5A11; TYRO3; ADGRL1; DLX1; DDN; POU3F2; LRRC4; GPR19; VSNL1; EFR3B; SYT17; NGEF; BRSK1; CXXC5; VSTM5; KIAA1549; RASGEF1A; KCNAB3; OMG; LINC00205; PCNX2; KCNAB2; ATL1; ALDH6A1; SCN1B; NTNG1; CDKN2AIPNL; PIGX; IDNK; ATP6V0D1; ADORA1; NREP; SPEF1; BTBD9; SLC18B1; LCMT1; KALRN; GUK1; NHLH1; TPRG1L; PEX16; NECAB2; SPRYD3; TNIK; LINC00957; STK32C; GRM2; ARFGEF3; KIAA0319; SEPTIN5; CDK5; SYBU; RAB15; MADD; NUDC; ADAM11; RAB40C; ANKRD13B; GPR83,0.0148407158271826
16,Brain_Hypothalamus,136,915,8899,1180,9814,0.00394381716033072,SLC4A8; BCAS1; ; RASGRF1; CALB2; DOC2A; PRTFDC1; NA; PPFIA4; TUBB3; SOX2; ENO2; SCN9A; SCN1A; TMOD2; DNM3; PCDH9; AGPAT4; HS3ST5; VAMP1; ASIC1; FBXL2; FAXC; GPR3; LINC01597; FBLL1; NRGN; NDRG4; ATAT1; HPCAL1; MPP2; ENC1; TMEM145; KIF3C; SYT12; SLF1; HCN3; RGS17; NDRG2; ACYP1; TMEM132A; CIT; CLSTN3; PGM2L1; AP4S1; DNAJB2; CPNE2; VSTM2L; ALK; CCDC88A; RPS6KL1; GPR137C; CNGB1; FMNL2; DISP3; C12orf76; CST3; NTRK2; MMP24; AGAP2; CXXC4; OPRL1; TMEM178A; PTPRZ1; TMCC2; RNF187; FRMD5; GAD1; ABHD12; RNFT2; STMN3; MAP4K4; CDK18; CSPG5; SYT5; CNIH2; MAP2; RNF208; SH2D5; SHF; SLC5A11; ITPKB; ADGRL1; DLX1; SLC10A5; POU3F2; LRRC4; CALB1; GPR19; VSNL1; EFR3B; SYT17; CPLANE2; GALR3; LINC01003; BRSK1; MSANTD1; VSTM5; KIAA1549; WDR49; RASGEF1A; OMG; LINC00205; YKT6; ATP6V0B; KCNAB2; ATL1; ALDH6A1; NTNG1; PIGX; IDNK; ATP6V0D1; ADORA1; BTBD9; SLC18B1; LCMT1; SLC26A11; NHLH1; HSDL1; TPRG1L; NECAB2; SPRYD3; TNIK; SAPCD2; URB1-AS1; LINC00957; STK32C; ARFGEF3; MARCKSL1; KIAA0319; CDK5; SYBU; RAB15; MADD; ADAM11; GPR83,0.0190020281361389
46,Small_Intestine_Terminal_Ileum,179,1249,8565,1180,9814,0.00480076460534319,LGALS9; ASS1; ; CAPN13; LCK; TFF3; FCRL2; ADAM28; LGALS9C; LAG3; TRIM22; EFNA2; SULT1A1; SMIM31; NA; TMC5; ACOT11; IL32; B3GNT6; IL7R; GALNT6; AIM2; ODF2L; HOXB3; ADGRF1; IL7; CLDN3; BMP5; LINC01800; HHLA2; BTN3A2; ADAM19; MTMR11; ENPP3; NLRC5; NLRP9; CCL20; NFATC2; CD6; MUC3A; LGALS2; CARMIL2; IQGAP3; FGFR4; PTPN6; ARHGEF38; PRELID2; SMCO4; FAM177B; PLEKHS1; CD96; LINC01588; IKBKB; VAMP8; PFKFB4; ARL4A; ELF3; CDK3; IL27RA; BMP2; CDCA3; SLC2A9; EML4; SLC25A34; MCM7; ARHGAP9; PIK3C2B; RASGRP2; RNF43; GCHFR; AKR1C3; MISP; IL24; PTPRH; CASP6; LINC01224; ST6GALNAC1; NSUN5; RBBP8NL; ACY3; AOC1; PLCB2; NAA40; LIG1; BACH2; CCDC68; ABHD11; PHYKPL; TMPRSS2; UNC5CL; ARRDC1; OSBPL3; VWA5A; TERT; RUNX2; FAM151A; LUZP1; MELTF; TMEM176B; SECTM1; DPEP1; RALGPS2; PLEK2; CYP4F12; TCN2; ZNF600; ZFP36L2; FLVCR2; SCIN; MFNG; ABRACL; ZNF789; PFKFB2; SLC35E2B; ZG16; TPRN; ZNF124; SLC7A7; TIGD3; GPR153; RBCK1; ACOX1; ZBTB40; GALR2; GEN1; FASTKD1; COMTD1; NR2F6; CDHR2; MACC1; LTK; SUCLG1; STK38; PAG1; MGAM2; ERAP2; PSMB8-AS1; CHFR; HEXIM1; FCMR; ARHGAP30; ARHGAP27; MOV10; OTULINL; ITGAL; KNTC1; GMPPA; GPR132; GPR183; NABP1; ACIN1; PGBD2; OCEL1; DOK4; PCSK5; MFSD2A; NUDT16; ACAA2; SH3BP1; ERBB3; POLD1; HTR3A; IL22RA1; NOL4L; PPARGC1B; PCGF3; BTN3A3; GPR89A; SPNS3; TNFSF15; EWSR1; OGFRP1; MTRF1; PRSS8; PLCB3; SRSF2; ULK3; NUP210; PRR15L,0.0212033770069324
9,Brain_Anterior_cingulate_cortex_.BA24.,141,962,8852,1180,9814,0.00559129664223382,BCAS1; ; RASGRF1; DOC2A; PRTFDC1; NA; PPFIA4; TUBB3; CACNB3; PLCB1; SOX2; ENO2; SCN1A; TMOD2; DNM3; SLC7A11; PCDH9; AGPAT4; HS3ST5; ASIC1; FBXL2; ARHGAP33; FAXC; CARMIL2; LINC01597; FBLL1; NRGN; NDRG4; ATAT1; HPCAL1; MPP2; ENC1; TMEM145; KIF3C; SYT12; NDRG2; ACYP1; TMEM132A; CIT; CLSTN3; PGM2L1; MEPE; SLC17A7; AP4S1; DNAJB2; AKAP6; VSTM2L; ALK; CCDC88A; RPS6KL1; GPR137C; CNGB1; DISP3; C12orf76; CST3; NTRK2; MMP24; AGAP2; CXXC4; PSD; OPRL1; TMEM178A; PTPRZ1; LINC00460; TMCC2; RNF187; FRMD5; GAD1; ABHD12; RNFT2; DUSP8; SYNGAP1; STMN3; CSPG5; RAP1GAP2; SYT5; CNIH2; EXTL1; MAP2; RNF208; SH2D5; SHF; SLC5A11; TYRO3; ADGRL1; DLX1; DDN; POU3F2; LRRC4; GPR19; VSNL1; EFR3B; SYT17; CPLANE2; SATB1; NGEF; BRSK1; CXXC5; VSTM5; KIAA1549; RASGEF1A; KCNAB3; OMG; LINC00205; PCNX2; KCNAB2; ATL1; ALDH6A1; NTNG1; CDKN2AIPNL; PIGX; IDNK; ADORA1; NREP; BTBD9; SLC18B1; LCMT1; KALRN; GUK1; NHLH1; TPRG1L; NECAB2; SPRYD3; TNIK; SAPCD2; LINC00957; ENTPD3; STK32C; GRM2; ARFGEF3; MARCKSL1; KIAA0319; SEPTIN5; CDK5; SYBU; RAB15; MADD; ADAM11; ANKRD13B; GPR83; GNPTAB,0.0227952863106456
10,Brain_Caudate_.basal_ganglia.,134,919,8895,1180,9814,0.00818043460483252,BCAS1; PNKD; ; RASGRF1; DNAH2; PRTFDC1; TIAM1; NA; PPFIA4; TUBB3; CACNB3; PLCB1; SOX2; ENO2; SCN1A; OBSCN-AS1; TMOD2; DNM3; SLC7A11; PCDH9; AGPAT4; HS3ST5; STRIP2; ASIC1; ARHGAP33; CARMIL2; LINC01597; FBLL1; NRGN; NDRG4; ATAT1; MPP2; ENC1; TMEM145; KIF3C; SYT12; RGS17; NDRG2; TMEM132A; CIT; CLSTN3; AP4S1; DNAJB2; LY6G5C; CCDC88A; RPS6KL1; GPR137C; FMNL2; DISP3; C12orf76; CST3; NTRK2; MMP24; AGAP2; CXXC4; PSD; OPRL1; TMEM178A; PTPRZ1; LINC00460; TMCC2; RNF187; FRMD5; GAD1; ABHD12; RNFT2; DUSP8; STMN3; MAP4K4; CSPG5; TERT; SYT5; CNIH2; MAP2; RNF208; SH2D5; SLC5A11; TYRO3; ITPKB; ADGRL1; DLX1; DDN; POU3F2; LRRC4; CALB1; GPR19; VSNL1; EFR3B; SYT17; NGEF; LINC01003; BRSK1; MSANTD1; MCTP1; WDR49; RASGEF1A; OMG; PCNX2; BCL11B; KCNAB2; ATL1; ALDH6A1; PIGX; IDNK; ADORA1; SPEF1; BTBD9; SLC18B1; LCMT1; GUK1; NHLH1; TPRG1L; PEX16; NECAB2; SPRYD3; DGKH; TNIK; MEIS2; ENTPD3; STK32C; ARFGEF3; MARCKSL1; KIAA0319; SEPTIN5; CDK5; SYBU; RAB15; ADAM11; PASK; ANKRD13B; ARL2; GPR83; GNPTAB; SNTA1,0.030968788146866
8,Brain_Amygdala,134,929,8885,1180,9814,0.0116595841217313,BCAS1; ; RASGRF1; DOC2A; PRTFDC1; TIAM1; NA; PPFIA4; TUBB3; CACNB3; PLCB1; TFAP2D; SOX2; ENO2; SCN1A; TMOD2; DNM3; SLC7A11; PCDH9; AGPAT4; HS3ST5; ASIC1; ARHGAP33; CARMIL2; LINC01597; FBLL1; NRGN; NDRG4; ATAT1; HPCAL1; MPP2; ENC1; TMEM145; KIF3C; RGS17; NDRG2; TMEM132A; CIT; PGM2L1; MEPE; SLC17A7; AP4S1; DNAJB2; VSTM2L; ALK; CCDC88A; RPS6KL1; GPR137C; CNGB1; FMNL2; DISP3; C12orf76; CST3; NTRK2; MMP24; AGAP2; CXXC4; PSD; TMEM178A; PTPRZ1; LINC00460; TMCC2; RNF187; FRMD5; GAD1; RNFT2; DUSP8; STMN3; MAP4K4; CSPG5; SYT5; CNIH2; EXTL1; MAP2; RNF208; SH2D5; SHF; SLC5A11; TYRO3; ITPKB; ADGRL1; DLX1; DDN; POU3F2; LRRC4; GPR19; VSNL1; EFR3B; SYT17; CPLANE2; PYDC1; NGEF; LINC01003; ADD3; BRSK1; CXXC5; VSTM5; WDR49; RASGEF1A; OMG; LINC00205; KCNAB2; ATL1; ALDH6A1; PIGX; IDNK; ADORA1; SPEF1; BTBD9; SLC18B1; LCMT1; GUK1; TPRG1L; AIF1L; PEX16; NECAB2; SPRYD3; TNIK; SAPCD2; LINC00957; STK32C; ARFGEF3; MARCKSL1; KIAA0319; SEPTIN5; CDK5; SYBU; RAB15; ADAM11; ANKRD13B; GPR83; TMC7; GNPTAB; SNTA1,0.0411971972301171
18,Brain_Putamen_.basal_ganglia.,132,917,8897,1180,9814,0.0130760473496826,BCAS1; PNKD; ; RASGRF1; PRTFDC1; TIAM1; NA; PPFIA4; TUBB3; PLCB1; SOX2; ENO2; SCN1A; OBSCN-AS1; TMOD2; DNM3; SLC7A11; PCDH9; AGPAT4; HS3ST5; STRIP2; ASIC1; ARHGAP33; CARMIL2; LINC01597; FBLL1; NRGN; NDRG4; ATAT1; MPP2; ENC1; TMEM145; KIF3C; SYT12; NDRG2; TMEM132A; CIT; CLSTN3; MEPE; AP4S1; DNAJB2; LY6G5C; CCDC88A; RPS6KL1; GPR137C; FMNL2; DISP3; C12orf76; CST3; NTRK2; MMP24; AGAP2; CXXC4; PSD; OPRL1; TMEM178A; PTPRZ1; LINC00460; IPO13; TMCC2; RNF187; FRMD5; GAD1; ABHD12; RNFT2; DUSP8; STMN3; MAP4K4; CDK18; CSPG5; SYT5; PLLP; CNIH2; MAP2; RNF208; SH2D5; SLC5A11; TYRO3; ITPKB; ADGRL1; DLX1; DDN; POU3F2; LRRC4; CALB1; GPR19; VSNL1; EFR3B; NGEF; LINC01003; BRSK1; MSANTD1; MCTP1; RASGEF1A; OMG; PCNX2; BCL11B; KCNAB2; ATL1; ALDH6A1; PIGX; IDNK; ADORA1; SPEF1; BTBD9; SLC18B1; LCMT1; GUK1; NHLH1; TPRG1L; AIF1L; PEX16; NECAB2; SPRYD3; TNIK; SAPCD2; MEIS2; ENTPD3; STK32C; ARFGEF3; MARCKSL1; KIAA0319; SEPTIN5; CDK5; RAB15; ADAM11; PASK; ANKRD13B; ARL2; GPR83; TMC7; SNTA1,0.0416218753003074
35,Liver,151,1064,8750,1180,9814,0.0133504128321741,CFI; FAM20A; ASS1; PNKD; ; DGAT2; EFNA2; TCIM; SULT1A1; NA; GADD45G; FGL1; IL32; GPRC5C; PALM3; AKR1C2; SPTLC3; CP; GADD45B; SCN9A; IL7; C1RL; ALDH2; NLRP9; MUC3A; SPATA6L; PNPO; FGFR4; SMCO4; LINC01588; VAMP8; TMEM208; YIF1A; TMEM150A; SYT12; HCN3; C4BPB; CCDC150; NUPR1; DNAH5; CDK3; CAPN12; AGFG2; CHAC1; SLC25A38; SLC2A9; EML4; ANGPTL4; IGFBP4; NUDT16L1; SRPRB; EVA1A; C1QTNF6; GCAT; PHYH; RNF43; GCHFR; AKR1C3; IFITM10; CEBPB; PTPRH; CASP6; KIFC3; MT1X; ACY3; ETNK2; PHYKPL; UNC5CL; NAGLU; C1R; FAM151A; TIAF1; TMEM176B; STEAP3; CRELD2; RALGPS2; PLEK2; CYP4F12; BLVRB; MPC1; SH3TC1; FLVCR2; ST6GAL1; ABRACL; DCXR; MFSD3; SLC10A5; TYMP; SELENBP1; MGST1; SYT17; NNMT; ZNF69; TM7SF2; HAAO; TMEM141; RBCK1; MVD; ACOX1; GALR3; HM13; LDHD; GEN1; CXXC5; COMTD1; NR2F6; APOL1; CDHR2; KLB; HNMT; APMAP; FTL; MT2A; FNIP2; ALDH6A1; RCL1; AKR1C1; MET; HSD3B7; ADH6; GMPPA; CHST4; SDC4; IDNK; DGCR6L; SEC61A1; OCEL1; HYI; AMT; ICAM3; MFSD2A; HPN; ACAA2; ERBB3; RALGAPA2; GCDH; RASD1; TPST1; MAMDC4; LACTB; AGT; FASN; STARD10; ABLIM3; OGFRP1; SERINC5; SIL1; DNA2; LY6E; NUP210; TTC39C,0.0416218753003074
14,Brain_Frontal_Cortex_.BA9.,139,978,8836,1180,9814,0.0165501550045364,SLC4A8; BCAS1; PNKD; ; RASGRF1; DOC2A; TIAM1; NA; PPFIA4; TUBB3; CACNB3; PLCB1; TFAP2D; SOX2; ENO2; SCN1A; TMOD2; DNM3; PCDH9; AGPAT4; HS3ST5; VAMP1; ASIC1; FBXL2; FAXC; CARMIL2; LINC01597; FBLL1; NRGN; NDRG4; ATAT1; HPCAL1; MPP2; ENC1; TMEM145; KIF3C; SYT12; SLF1; NDRG2; ACYP1; TMEM132A; CIT; CLSTN3; PGM2L1; MEPE; SLC17A7; AP4S1; DNAJB2; VSTM2L; CCDC88A; RPS6KL1; GPR137C; CNGB1; FGF9; DISP3; C12orf76; CST3; NTRK2; MMP24; AGAP2; CXXC4; PSD; OPRL1; TMEM178A; PTPRZ1; LINC00460; TMCC2; RNF187; FRMD5; GAD1; ABHD12; RNFT2; DUSP8; STMN3; CSPG5; RAP1GAP2; SYT5; CNIH2; EXTL1; MAP2; RNF208; SH2D5; SLC5A11; TYRO3; ADGRL1; DLX1; SLC10A5; DDN; POU3F2; LRRC4; GPR19; VSNL1; EFR3B; SYT17; SATB1; NGEF; BRSK1; CXXC5; IPCEF1; VSTM5; KIAA1549; RASGEF1A; KCNAB3; OMG; LINC00205; PCNX2; KCNAB2; ATL1; ALDH6A1; NTNG1; CDKN2AIPNL; PIGX; IDNK; ADORA1; NREP; BTBD9; SLC18B1; LCMT1; KALRN; GUK1; NHLH1; TPRG1L; NECAB2; SPRYD3; TNIK; LINC00957; ENTPD3; STK32C; GRM2; ARFGEF3; KIAA0319; SEPTIN5; CDK5; SYBU; RAB15; MADD; ADAM11; ANKRD13B; GPR83,0.0464657764642441
2,Adipose_Visceral_.Omentum.,175,1258,8556,1180,9814,0.0166575425060498,CFI; FAM20A; ASS1; ; STING1; PLAT; DGAT2; CALB2; PODXL; TCIM; IFI16; NA; CSF1; SELP; NOD1; FOSL1; AKR1C2; NAV1; GADD45B; ARHGEF40; ODF2L; HOXB3; IDO1; TBC1D16; ITSN1; MGLL; C1RL; IFITM2; ID3; ACACB; IFITM1; BTN3A2; ARID5A; CCDC80; ALDH2; NFATC2; RASSF4; NOS3; CMTM7; SOCS3; MCUB; MECOM; GMFG; PLEKHG2; CD96; PLAU; NGF; MSLN; CRIM1; PPFIBP1; CRISPLD2; C11orf95; TFPI2; CYP26B1; MESP1; VAMP5; KANK3; IL27RA; BMP2; CPNE2; EPB41L2; ANGPTL4; IGFBP4; TM4SF18; BATF3; CCDC107; GCHFR; AKR1C3; NOSTRIN; CEBPB; LY96; MT1X; DDAH2; F2RL3; CCDC68; PTPRS; WARS1; ESAM; PHYKPL; NAGLU; TEAD2; CBLB; PIM3; C1R; TMEM150C; MELTF; GDPD5; LOXL2; SERPINH1; PRICKLE2; LIPE; EXOC3L1; MGST3; KIAA0040; BLVRA; SYS1; TCN2; ZFP36L2; BLVRB; SH3TC1; STON1; ADM5; MFNG; NR2F1; AREG; RNF135; TYMP; PTPRM; EFNB2; ADAMTS10; TRIB2; MGST1; NNMT; PFKFB3; SGO2; MIR4435-2HG; CMTM3; GPR153; ACOX1; LGALS1; TNFAIP2; CXCL3; MCTP1; APOL1; LXN; ARHGAP29; KLB; C2CD2; JDP2; HNMT; APMAP; FTL; MT2A; ERAP2; RSL1D1; PDGFB; RCL1; AKR1C1; MET; HSD3B7; CHST4; INVS; FIGN; DLL4; GPR183; NABP1; KIRREL1; IL1R1; PCSK5; EPB41L4A; ECE1; ACAA2; RALGAPA2; PLEKHG1; MAML2; PCOLCE; RASD1; KLF6; ASPH; ADAM15; HDAC7; EPHA2; FASN; NEDD9; BTN3A3; FXYD5; ABLIM3; RHOB; SLFN11; C2orf66; LY6E; SRSF2; CCDC69; KIAA1217; HOXD3,0.0464657764642441
31,Fallopian_Tube,164,1183,8631,1180,9814,0.0227395333937539,CFI; FAM20A; ; STING1; PLAT; DNAH2; ZNF618; LAG3; PODXL; NA; SH3PXD2A; SELP; NPR2; ZNF467; MEX3A; PLEKHG3; ODF2L; HOXB3; CCDC74A; DBN1; C1RL; ID3; IFITM1; MUC20; TRIM45; PAEP; ACP6; SPATA6L; SOCS3; PLXNB1; KRTCAP2; TRANK1; PLEKHG2; KIAA0825; NGF; MSLN; PLEKHF1; CARD9; CRISPLD2; C11orf95; OSCP1; WDR54; MEIS1; DNAH5; VAMP5; CDK3; CAPN12; GPR161; NCOA5; APOBEC3C; IGFBP4; REC8; DNAJB13; C1QTNF6; CCDC189; DNAH11; RNF207; RP1; AMIGO2; MYLIP; SMARCD2; CCDC102A; TMEM39B; KCNC3; CEBPB; DTX3; C20orf96; DDAH2; CCDC74B; CHD3; PTPRS; PHYKPL; TTLL10; WDR27; SYNGAP1; TEAD2; LINC01116; C1R; MAX; CDH3; PHF19; SFRP4; MELTF; PRICKLE2; NYNRIN; LAMA3; RALGPS2; DNAAF3; ZNF594; SYS1; XXYLT1; IFT88; STON1; ADM5; NR2F1; MRC2; CFAP52; SELENOM; TYMP; ADAMTS10; PCDHB13; C7orf26; CCDC148; TENT5A; ZBTB40; ZNF43; PHC1; CEP70; NRM; LXN; ZNF846; LINC01376; WDR49; IQCN; LINC02614; WDR6; COL6A1; ZNF609; MOV10; PTK7; GMPPA; IER5; KIAA0895L; RIBC2; CTU2; PUSL1; CCDC153; PRR29; PLEKHH2; CEP128; MOK; SPEF1; NUMBL; ACIN1; SRF; NAXE; HYI; AMT; WFDC2; MFSD10; MEIS2; PPP1R10; RAB36; GCDH; PCOLCE; LRRC56; CBX7; ADAM15; HDAC7; SCMH1; IFFO1; OGFRP1; GRIN3B; IKZF4; RHOB; NASP; SLFN11; C2orf66; PLCB3; DRC3; PEX6; FOXK1; HOXD3; PBX1,0.0602597634934477
34,Kidney_Cortex,174,1273,8541,1180,9814,0.0309282599719178,CFI; FAM20A; ASS1; PNKD; ; PLAT; ABCA4; ZNF618; PODXL; TCIM; MISP3; NA; ACOT11; IL32; GPRC5C; AQP2; PALM3; C5orf38; ZNF467; SPTLC3; S100A5; HOXB3; ADGRF1; IL1RL1; LRP2; TBC1D16; MUC20; ENPP3; NLRP9; ACP6; RASSF4; LGALS2; ERP27; CMTM7; PNPO; MECOM; PLXNB1; FGFR4; ARHGEF38; CYP24A1; SMCO4; P2RY6; PLAU; VAMP8; TMEM208; TMEM150A; NINL; B4GALT7; CDK3; CAPN12; AQP6; SURF1; JTB; SLC2A9; CTSD; NUDT16L1; SULT1C2; EVA1A; P3H2; MYO3B; RNF207; TM4SF18; FGF9; PHYH; GCHFR; NOSTRIN; CASP6; KIFC3; HMOX2; ACY3; AOC1; ETNK2; ABHD11; C15orf65; SLC16A9; PHYKPL; UNC5CL; ARRDC1; NAGLU; OSBPL3; LINC01116; PIM3; FAM151A; MELTF; TMEM176B; TLCD1; TMEM147; DPEP1; LINC01983; BDH2; MGST3; ME3; SYS1; TCN2; MPC1; SH3TC1; SCIN; ST6GAL1; ABRACL; NR2F1; DCXR; MFSD3; RNF135; CALB1; TTC39A; TRIB2; ZNF69; SPAG5; ZNF124; HAAO; SLC7A7; CCDC148; TMEM141; RHOBTB1; SUMF2; COMMD7; GLRX; LDHD; TNFAIP2; CXXC5; COMTD1; NR2F6; APOL1; KIAA1549; MACC1; ARHGAP29; ZDHHC24; MPV17L2; FTL; SUCLG1; FNIP2; TFCP2L1; ATP6V0B; IL11; MOV10; ALDH6A1; MET; HSD3B7; NTNG1; PTGER1; ITGB6; SDC4; GNA14; IDNK; CLCNKB; SCNN1A; SIAE; ITGA3; OCEL1; DOK4; NAXE; CPAMD8; HYI; WFDC2; EPB41L4A; HPN; ACAA2; DEPTOR; AIF1L; MFSD10; BNIP1; RAB36; RASD1; HHAT; NDUFS8; SPNS3; TNFSF15; GRIN3B; PRSS8; TMEM186; ITGA2; HOXD3; NINJ1; SCNN1G,0.078057037071983
12,Brain_Cerebellum,141,1048,8766,1180,9814,0.0740977441437265,FAM182B; ; RASGRF1; CALB2; DOC2A; MISP3; TIAM1; SYNE1; NA; PPFIA4; TUBB3; CACNB3; NPR2; ENO2; EXPH5; SCN1A; OBSCN-AS1; TMOD2; DNM3; AGPAT4; ASIC1; ARHGAP33; FAXC; AVIL; LINC01597; FBLL1; GRAMD1B; TRANK1; NDRG4; ATAT1; HPCAL1; MPP2; TMEM145; KIF3C; SOGA1; SYT12; SLF1; NINL; HCN3; RGS17; KIAA1614; NDRG2; TMEM132A; CIT; CLSTN3; SLC17A7; DNAJB2; CSRNP2; PHTF1; LY6G5C; NUDT16L1; REC8; RPS6KL1; DAB2IP; GPR137C; FGF9; C12orf76; KCNC3; DTX3; MMP24; AGAP2; MTCL1; TLE2; OPRL1; TMEM178A; PTPRZ1; TMCC2; RNF187; FRMD5; GAD1; RNFT2; DUSP8; TNFRSF25; STMN3; CSPG5; RAP1GAP2; TIAF1; CNIH2; LINC01719; MAP2; RNF208; NYNRIN; SHF; TLCD3B; TYRO3; ADGRL1; SLC10A5; PCDHA7; LRRC4; CALB1; GPR19; VSNL1; EFR3B; RALGDS; TPRN; PYDC1; TIGD3; RBCK1; PHC1; GALR3; LINC01003; ZNF337; BRSK1; CXXC5; MAPKBP1; PLEKHG5; RASGEF1A; KCNAB3; OMG; LINC00205; PAG1; CDR2L; SDHAF1; PCNX2; GOLGA8A; ATL1; PLCG1; SCN1B; KIAA0895L; IDNK; ADORA1; NREP; LCMT1; KPNA5; NHLH1; LINC00957; ARFGEF3; MAMDC4; ANKLE1; KIAA0319; SEPTIN5; CDK5; RAB37; SYBU; RAB15; MADD; ADAM11; ULK3; ANKRD13B; GPR83; TMC7,0.178508201800796
42,Pituitary,140,1051,8763,1180,9814,0.0949040098487162,SLC4A8; ; ADAM28; NA; ACOT11; B4GALNT3; SPRED3; LINC01547; AIM2; OBSCN-AS1; CCDC74A; BMP5; ATG9B; MUC20; TRIM45; FBXL2; ARHGAP33; ACP6; SPATA6L; ARHGEF38; GPR3; COL28A1; LINC01597; DNMT3A; FBLL1; SMCO4; ATAT1; TMEM208; YIF1A; TMEM104; HCN3; OSCP1; WDR54; B4GALT7; ACYP1; DNAH5; SLC39A7; CDK3; CDCA3; JTB; ALK; REC8; GPR68; SRPRB; RPS6KL1; CCDC189; MYO3B; ETV4; DISP3; DTX3; C20orf96; CHPF; CXXC4; NAA40; CCDC74B; UVSSA; C15orf65; ARRDC1; RNFT2; DUSP8; SYNGAP1; TNFRSF25; IFT80; VWA5A; TRAPPC9; SYT5; CRELD1; CRELD2; ME3; ZNF594; IFT88; SLC10A5; PICK1; TMEM8B; ZNF789; SLC35E2B; GPR19; SYT17; CPLANE2; PCDHB13; RALGDS; CCDC148; TENT5A; GPR153; RBCK1; MED8; PHC1; HM13; PLEKHG5; LINC02614; LINC00205; WDR6; PCNX2; ATP6V0B; IL11; MOV10; GMPPA; KIAA0895L; ATP6V0D1; PUSL1; CCDC153; PRR29; MOK; CDKN2A; NUMBL; SEC61A1; CCDC84-DT; SLC26A11; AMT; MCTP2; SEC22A; STAT4; HSDL1; PEX16; DOK7; PPP1R10; RAB36; FBXO16; URB1-AS1; LINC00957; NOL4L; RASD1; ARFGAP1; LRRC56; ARMC12; MAMDC4; GRIN3B; ZNF713; IKZF4; MADD; SIL1; C2orf66; TMED3; DRC3; PEX6; FOXK1; ULK3; NUP210; ATAD3A; OR7C1,0.218691848781824
48,Stomach,181,1395,8419,1180,9814,0.12863066385453,LGALS9; LGALS9B; FAM20A; PNKD; ; PLAT; CAPN13; ADAM28; LGALS9C; ANKRD36C; MISP3; ANKRD22; NA; TMC5; ACOT11; GPRC5C; B4GALNT3; PALM3; AKR1C2; C5orf38; ZNF467; B3GNT6; SPTSSB; VSIG2; GALNT6; HOXB3; C16orf89; NLRP9; ACP6; GALNT5; NFATC2; SOCS3; IQGAP3; MECOM; ARHGEF38; LINC01597; DNMT3A; PRELID2; KRTCAP2; SMCO4; FAM177B; VAMP8; TMEM208; YIF1A; NFKBIL1; CRISPLD2; SCNN1B; TMEM150A; MEIS1; SLC39A7; ELF3; BMP2; SURF1; SLC25A38; JTB; EML4; PWWP2B; REC8; SULT1C2; GPR68; SRPRB; P3H2; SPDEF; RP1; FA2H; SMARCD2; AKR1C3; NOSTRIN; PTPRH; CASP6; ST6GALNAC1; RBBP8NL; HMOX2; ACY3; CCDC68; UVSSA; C15orf65; TMPRSS2; UNC5CL; ARRDC1; ATG101; NAGLU; TEAD2; PIM3; TCN1; RAP1GAP2; PER2; STX5; PLLP; STEAP3; CRELD2; LAMA3; ME3; SYS1; PLEK2; ZNF600; BLVRB; SCIN; DCXR; CCPG1; PFKFB2; SELENBP1; TTC39A; TRIB2; ZNF69; TPRN; ZNF124; TENT5A; SIGLEC15; TMEM141; RHOBTB1; SUMF2; ACOX1; RCCD1; LINC01559; HM13; LDHD; ZNF726; CXCL3; COMTD1; NR2F6; APOL1; VSTM5; MTUS1; ZNF300; MPV17L2; LTK; ZMYND19; PGC; YKT6; CDR2L; TFCP2L1; ATP6V0B; IL11; TK1; AKR1C1; SARS1; SOX4; PTGER1; ITGB6; GMPPA; SDC4; PDGFA; PUSL1; CASZ1; SCNN1A; PGBD2; SEC61A1; OCEL1; DOK4; NAXE; HYI; HPN; DEPTOR; ERBB3; RALGAPA2; FSIP2; PEX16; PHLDA1; HTR3A; PPP1R10; GCDH; PPARGC1B; TMEM63A; ARFGEF3; SBSPON; SCMH1; GPR89A; STARD10; TNFSF15; MTRF1; PRSS8; LINC01644; SIL1; SNHG8; TMED3; CDK6; ERO1B; PRR15L; LRIG1; SCNN1G,0.284059382678754
24,Cervix_Ectocervix,150,1148,8666,1180,9814,0.134444643036176,COL1A1; FAM20A; MIR205HG; KSR1; ; ZNF618; NA; GADD45G; MANCR; SH3PXD2A; PRDM8; CACNB3; SELP; TPRG1; NPR2; MEX3A; DST; WNT16; ARHGEF40; ADGRF1; LINC01214; DBN1; SCEL; ATG9B; IFITM1; MUC20; CCDC80; NR1D1; MCUB; MAB21L4; KRTCAP2; CYP24A1; TRANK1; ANXA1; CRISPLD2; C11orf95; NINL; RAB31; ARL4A; MEIS1; ASAP3; WSB1; ELF3; MMP11; IGFBP4; SPRR1B; C1QTNF6; S100A14; FZD2; P3H2; ESPL1; AMIGO2; MYLIP; CCDC102A; NOSTRIN; TMEM39B; CEBPB; DDAH2; CCDC74B; CHD3; PTPRS; PLEKHA5; WDR27; SYNGAP1; NAGLU; TEAD2; C1R; MAX; CDH3; PHF19; SFRP4; MELTF; PPM1M; STX5; GRHL3; PRICKLE2; BDH2; NYNRIN; LAMA3; BCL2; XXYLT1; ITPKB; TMPRSS11D; NR2F1; TMEM8B; MRC2; SELENOM; ADAMTS10; C7orf26; CMTM3; CASTOR1; ZNF43; PHC1; HM13; LGALS1; EVPL; PTPRU; NRM; TRIM16; ZNF300; PTPN13; LGI4; LINC02614; PCDHGA6; COL6A1; PTK7; PLCG1; NTNG1; SOX4; GMPPA; PUSL1; ZNF398; PLEKHH2; INVS; SFN; NUMBL; ACIN1; GAL3ST4; COL24A1; HYI; EPB41L4A; ECE1; SH3BP1; CENPW; KRT78; UBXN1; CCNI; PPP1R10; KRTDAP; KLK14; PCOLCE; TPST1; IVL; EPHA2; FXYD5; PLA2G4D; PMEL; SPRR1A; SLCO2A1; RHOB; NASP; SNHG8; LY6E; PLCB3; TBC1D10A; CTSV; HOXD3; PBX1; SCNN1G; CCN5,0.285022643236692
11,Brain_Cerebellar_Hemisphere,136,1057,8757,1180,9814,0.19907387329169,FAM182B; ; RASGRF1; CALB2; DOC2A; MISP3; TIAM1; SYNE1; NA; PPFIA4; TUBB3; CACNB3; ENO2; SCN1A; OBSCN-AS1; TMOD2; DNM3; AGPAT4; ASIC1; FAXC; AVIL; LINC01597; FBLL1; GRAMD1B; TRANK1; NDRG4; HPCAL1; MPP2; TMEM145; KIF3C; SOGA1; SYT12; SLF1; NINL; HCN3; RGS17; CYP26B1; KIAA1614; TMEM132A; CIT; CLSTN3; SLC17A7; DNAJB2; CSRNP2; PHTF1; LY6G5C; RPS6KL1; DAB2IP; GPR137C; FGF9; C12orf76; KCNC3; DTX3; MMP24; AGAP2; MTCL1; TLE2; TMEM178A; PTPRZ1; TMCC2; RNF187; FRMD5; GAD1; RNFT2; DUSP8; TNFRSF25; STMN3; CSPG5; RAP1GAP2; TIAF1; CNIH2; LINC01719; MAP2; RNF208; NYNRIN; SHF; TLCD3B; ZNF600; TYRO3; ADGRL1; SLC10A5; PCDHA7; LRRC4; GPR19; VSNL1; EFR3B; RALGDS; TPRN; PYDC1; TIGD3; GALR3; LINC01003; ZNF337; BRSK1; CXXC5; MAPKBP1; PLEKHG5; MCTP1; IPCEF1; MTUS1; RASGEF1A; KCNAB3; OMG; APMAP; LINC00205; PAG1; CDR2L; SDHAF1; PCNX2; GOLGA8A; ATL1; PLCG1; SCN1B; KIAA0895L; IDNK; ADORA1; NREP; LCMT1; KPNA5; NHLH1; LINC00957; ARFGEF3; MAMDC4; ANKLE1; KIAA0319; SEPTIN5; CDK5; RAB37; SYBU; RAB15; MADD; ADAM11; ULK3; ANKRD13B; GPR83; TMC7,0.405804434017675
45,Skin_Sun_Exposed_.Lower_leg.,153,1203,8611,1180,9814,0.227387844209738,COL1A1; MIR205HG; ; AQP5; DGAT2; KRT15; ANKRD22; TENT5B; NA; RHOV; TPRG1; B4GALNT3; C5orf38; DST; SPTLC3; KRT86; WNT16; SPTSSB; GPC2; EXPH5; IL7; LINC01214; SCEL; ATG9B; NLRC5; ADGRF4; DLGAP4; NR1D1; TGM5; MAB21L4; GSDMC; RHBDL2; LY6G6C; VAMP8; SYT8; SCNN1B; PICART1; ARL4A; CRY2; CYP26B1; ASAP3; AGFG2; BMP2; EML4; SPRR1B; ETV6; GPR68; S100A14; PIK3C2B; ETV4; SMARCD2; RNF43; LIMK2; KIFC3; RBBP8NL; MT1X; HOPX; HES1; LIG1; BACH2; ATG101; OSBPL3; PIM3; VWA5A; CDH3; PER2; MELTF; STX5; PLLP; TLCD1; TMEM147; GRHL3; NYNRIN; LAMA3; E2F2; RALGPS2; PLEK2; CYP4F12; ZFP36L2; XXYLT1; MALT1; CTNNBIP1; RNF135; TOM1; SUSD2; GPRC5D; RALGDS; TM7SF2; PYDC1; ASIP; MED8; ACOX1; IL36RN; ZNF726; EVPL; OSBPL6; PLEKHG5; MACC1; TRIM16; LY6G5B; PTPN13; ZMYND19; TFCP2L1; BCL11B; ARHGAP30; MOV10; PTK7; IER5; SDC4; PUSL1; ZNF398; CASZ1; SFN; SCNN1A; GAL3ST4; ABCA12; DOK4; MFSD2A; EGLN3; SH3BP1; ITGB4; ERBB3; KRT78; IL22RA1; EZH2; SAPCD2; KRTDAP; KLK14; EMP2; KLF6; IVL; ADAM15; EPHA2; PCGF3; PLA2G4D; PMEL; PRC1; PRSS8; SNHG8; AQP3; TMED3; CDK6; ITGA2; TACC2; RAB40C; TBC1D10A; ULK3; TTC39C; CTSV; ALOX15B; GPR1; OR7C1; SCNN1G,0.446353916411707
49,Testis,40,298,9516,1180,9814,0.24959687991865,; SHOC1; NA; RPGRIP1; LINC00705; CATSPERG; LINC01214; LINC01206; LINC02742; OSCP1; CCDC150; GUCY2D; ADAM32; DDX43; DCAF4L1; CCDC74B; C1orf100; STK31; TTLL10; FRG2C; DNAAF3; CDC25C; MAJIN; IZUMO4; KIF2C; KIF24; IQCN; FSCN3; STAG3; TESMIN; EID3; RIBC2; YBX2; LINC01191; TBC1D29P; SRRM5; CENPU; ARMC12; ACRV1; SPATA24,0.472451236988873
5,Artery_Coronary,168,1339,8475,1180,9814,0.276439749757165,COL1A1; RBPMS; ATOH8; SYNPO; ; STING1; PLAT; ZNF618; IFI16; TENT5B; NA; GADD45G; CSF1; MANCR; SELP; GPRC5C; NPR2; CRIP2; INPP5B; FAM177A1; FSTL3; NAV1; SPRED3; PLEKHG3; GADD45B; ID3; ARID5A; CCDC80; MTMR11; FBXL2; ARRDC2; DLGAP4; MCUB; PLXNB1; PLXNA2; KRTCAP2; TRANK1; PLEKHG2; P2RY6; PLAU; NGF; GRK5; YIF1A; CRIM1; COL8A1; SYT12; C11orf95; PICART1; RAB31; MCAM; NUPR1; WSB1; VAMP5; GPR161; ITGB3; SMC4; HS1BP3; CTSD; EML4; IGFBP4; ETV6; ZBTB16; FZD2; AMIGO2; BATF3; RASGRP2; CCDC107; MYLIP; CCDC102A; IFITM10; LY96; SORBS1; CHPF; DDAH2; SORBS2; PTPRS; ESAM; NAGLU; TEAD2; IFT80; C1R; ANTXR1; PHF19; PPM1M; SERPINH1; BDH2; MGST3; TCN2; ZFP36L2; ST6GAL1; CREB3; CCPG1; MRC2; RNF135; SELENOM; GUCY1A1; SUSD2; ADAMTS10; PEF1; NNMT; ARSJ; PCDHB13; HAAO; TENT5A; CMTM3; SIGLEC15; SUMF2; ZBTB40; COMMD7; HM13; LGALS1; MYBL1; NRM; ZNF846; C2CD2; FER; HNMT; FTL; FNIP2; COL6A1; HEXIM1; ADGRE5; NCKAP5L; RCL1; AKR1C1; GMPPA; PDGFA; CX3CL1; FIGN; NUMBL; RCBTB2; KIRREL1; GAL3ST4; SEC61A1; KALRN; ITGA3; SRF; DOK4; HYI; PCSK5; ECE1; STX8; DGKH; MAML2; CCNI; MEIS2; PCOLCE; KLF6; SRM; RASAL2; CBX7; HDAC7; SBSPON; SCMH1; FOXO3; DPYSL3; NEDD9; IFFO1; FXYD5; CSRP2; RHOB; SIL1; PALLD; SLFN11; PLCB3; TBC1D10A; ARL2; CCN5,0.50521747369413
44,Skin_Not_Sun_Exposed_.Suprapubic.,151,1210,8604,1180,9814,0.315518538663187,MIR205HG; ; AQP5; ABCA4; DGAT2; KRT15; ANKRD22; TENT5B; NA; RHOV; TPRG1; FOSL1; B4GALNT3; C5orf38; DST; SPTLC3; KRT86; WNT16; SPTSSB; HAS3; GPC2; EXPH5; IL7; LINC01214; SCEL; ATG9B; NLRC5; ADGRF4; NR1D1; TGM5; MAB21L4; GSDMC; RHBDL2; LY6G6C; VAMP8; SYT8; SCNN1B; PICART1; ARL4A; CYP26B1; ASAP3; CDK3; CAPN12; AGFG2; BMP2; EML4; SPRR1B; GPR68; S100A14; P3H2; PIK3C2B; ETV4; SMARCD2; RNF43; LIMK2; RBBP8NL; MT1X; HOPX; HES1; LIG1; ATG101; OSBPL3; TNFRSF25; PIM3; VWA5A; CDH3; PER2; MELTF; PLLP; TLCD1; TMEM147; GRHL3; LAMA3; E2F2; RALGPS2; PLEK2; CYP4F12; ZFP36L2; XXYLT1; CTNNBIP1; RNF135; TOM1; SUSD2; GPRC5D; RALGDS; TM7SF2; PYDC1; ASIP; MVD; ACOX1; IL36RN; ZNF726; EVPL; OSBPL6; PLEKHG5; MACC1; TRIM16; LY6G5B; PTPN13; ZMYND19; TFCP2L1; BCL11B; MOV10; PTK7; IER5; SDC4; PUSL1; ZNF398; CEP128; CASZ1; SFN; SCNN1A; GAL3ST4; ABCA12; DOK4; MFSD2A; EGLN3; SH3BP1; ITGB4; ERBB3; KRT78; IL22RA1; EZH2; SAPCD2; KRTDAP; KLK14; EMP2; KLF6; IVL; ADAM15; EPHA2; PCGF3; PLA2G4D; PMEL; SERINC5; PRSS8; SNHG8; AQP3; TMED3; CDK6; ITGA2; TACC2; RAB40C; TBC1D10A; ULK3; TTC39C; CTSV; ALOX15B; GPR1; OR7C1; SCNN1G,0.55741608497163
32,Heart_Atrial_Appendage,146,1173,8641,1180,9814,0.331979923221215,CFI; ATOH8; SYNPO; ; STING1; PODXL; TCIM; NA; GADD45G; PDE4D; SELP; ACOT11; IL32; B4GALNT3; MYBPHL; KLHDC8B; CRIP2; OBSCN; FSTL3; CP; GADD45B; ID3; CCDC80; ALDH2; ADAM19; TRIM45; FHL2; NOS3; MCUB; GPR3; PRELID2; SMCO4; DHRS9; CXCL1; NGF; GRK5; PLEKHF1; PPFIBP1; PRLH; CRY2; CLGN; VAMP5; SLC39A7; MMP11; AKAP6; TMEM245; SLC2A9; VSTM2L; CTSD; NUDT16L1; RNF207; GCAT; BLM; FGF9; CCDC107; PHYH; YAF2; CHPF; HMOX2; PFKM; ST3GAL4; SEMA6C; TLE2; NAA40; SORBS2; CCDC68; PLEKHA5; FRMD5; RGS9BP; TEAD2; CBLB; LUCAT1; CDK18; C1R; RAP1GAP2; LUZP1; TIAF1; TMEM176B; LINC01719; SERPINH1; CRELD1; MGST3; PYGB; MPC1; NDUFB9; PTGES2; MRC2; GUCY1A1; COQ10A; PCDHB13; TM7SF2; TENT5A; ASIP; GPR153; TMEM141; CFLAR; LDHD; FASTKD1; CXCL3; KLHL24; LXN; WDR49; MTUS1; SUCLG1; FNIP2; TRIM16L; NCKAP5L; PDGFB; AKR1C1; SCN1B; SLC25A12; CDKN2AIPNL; IER5; CISD1; JMJD6; DLL4; SIAE; MYO18A; SRF; NAXE; CD274; FIS1; EPB41L4A; EGLN3; ECE1; ACAA2; STAT4; TSPAN32; DOK7; MRPL33; PCOLCE; RASAL2; SCMH1; AGT; NDUFS8; SEPTIN5; ABLIM3; DMAC1; RAB15; EIF2B3; PALLD; TACC2; TNNC1; CCDC69; LRIG1; SNTA1,0.567578578410465
20,Brain_Substantia_nigra,121,981,8833,1180,9814,0.392282548753658,SLC4A8; BCAS1; ; RASGRF1; PRTFDC1; NA; TUBB3; FAM178B; SOX2; ENO2; FAM177A1; SCN1A; TMOD2; DNM3; SLC7A11; PCDH9; AGPAT4; HS3ST5; VAMP1; ASIC1; LINC01597; FBLL1; NRGN; NDRG4; ATAT1; RHBDL2; MPP2; TMEM145; KIF3C; NDRG2; ACYP1; TMEM132A; CIT; PGM2L1; MEPE; SLC17A7; DNAJB2; CPNE2; AKAP6; MCM7; CCDC88A; RPS6KL1; GPR137C; CNGB1; FA2H; FMNL2; DISP3; C12orf76; CST3; NTRK2; AGAP2; CXXC4; TMEM178A; PTPRZ1; LINC00460; IPO13; TMCC2; RNF187; FRMD5; GAD1; ABHD12; RNFT2; STMN3; IFT80; MAP4K4; CDK18; CSPG5; SYT5; PLLP; CNIH2; MAP2; RNF208; SLC5A11; TYRO3; ITPKB; ADGRL1; POU3F2; LRRC4; GPR19; VSNL1; EFR3B; SYT17; RALGDS; BRSK1; CXXC5; VSTM5; WDR49; DOCK10; RASGEF1A; OMG; LINC00205; YKT6; CDR2L; ATP6V0B; KCNAB2; ATL1; DHFR; ALDH6A1; PIGX; IDNK; ADORA1; SNX24; SLC18B1; GUK1; FIS1; NUDT16; NHLH1; AIF1L; PEX16; NECAB2; SAPCD2; LINC00957; STK32C; TMEM63A; ARFGEF3; MARCKSL1; KIAA0319; CDK5; ZNF713; ANKRD13B; TMC7,0.649717971373246
27,Colon_Transverse,176,1445,8369,1180,9814,0.435794943225601,LGALS9; LGALS9B; ; PLAT; CAPN13; TFF3; LGALS9C; EFNA2; MISP3; SULT1A1; SMIM31; NA; TMC5; MANCR; ACOT11; IL32; B4GALNT3; B3GNT6; FAM177A1; MUC4; VSIG2; SCN9A; HOXB3; IL7; CLDN3; BMP5; MGLL; HHLA2; MUC20; ADAM19; MTMR11; ENPP3; GALNT5; MUC3A; LGALS2; TROAP; IQGAP3; MECOM; FGFR4; DNMT3A; PRELID2; KRTCAP2; RHBDL2; DHRS9; LINC01588; VAMP8; SCNN1B; ZACN; HCN3; SLC39A7; ELF3; CDK3; AGFG2; BMP2; CPNE2; SLC25A38; JTB; CFTR; EML4; PWWP2B; MZB1; P3H2; PIK3C2B; RNF43; AKR1C3; MISP; PTPRH; CASP6; LIMK2; LINC01224; ST6GALNAC1; NSUN5; MAP2K6; ACY3; AOC1; ST3GAL4; CCDC68; ABHD11; CEACAM5; PHYKPL; TMPRSS2; ARRDC1; VWA5A; TERT; TMEM176B; SECTM1; E2F2; PLEK2; CYP4F12; ZNF600; PYGB; VIPR1; STON1; FLVCR2; SCIN; SPTSSA; ABRACL; MFSD3; SLC10A5; FOXP2; ZNF789; NT5DC3; PFKFB2; GUCY1A1; SELENBP1; TTC39A; EFNB2; ZNF69; ZG16; TPRN; ZNF124; SATB1; GPR153; TMEM141; ACOX1; RCCD1; GALR2; LINC01559; LDHD; GEN1; FASTKD1; COMTD1; NR2F6; CDHR2; LXN; MPV17L2; HNMT; LTK; APOBEC3B; LINC02614; SUCLG1; STK38; PAG1; MGAM2; TFCP2L1; SDHAF1; CHFR; ARHGAP27; TK1; OTULINL; GMPPA; ATP6V0D1; CASZ1; SCNN1A; SIAE; PGBD2; COL24A1; SRF; OCEL1; DOK4; HYI; PCSK5; AMT; MCTP2; ACAA2; SH3BP1; ERBB3; POLD1; FSIP2; HTR3A; NOL4L; PPARGC1B; KRCC1; TMEM63A; STARD10; OGFRP1; SERINC5; MTRF1; PRSS8; TMEM186; PLCB3; SRSF2; PRR15L; LRIG1; HOXD3; SCNN1G,0.699913090635056
4,Artery_Aorta,163,1346,8468,1180,9814,0.472906391852269,RBPMS; ATOH8; SYNPO; ; STING1; PLAT; ZNF618; TENT5B; SYNE1; NA; GPRC5C; NPR2; CRIP2; INPP5B; FAM177A1; FSTL3; NAV1; SPRED3; CP; PLEKHG3; GADD45B; DBN1; C1RL; ID3; ARID5A; MTMR11; FBXL2; DLGAP4; MECOM; PLXNB1; KRTCAP2; TRANK1; PLEKHG2; P2RY6; NGF; GRK5; YIF1A; CRIM1; PPFIBP1; COL8A1; C11orf95; PICART1; NINL; RAB31; RGS17; MCAM; WSB1; SLC39A7; GPR161; ITGB3; HS1BP3; AKAP6; CTSD; ETV6; ZBTB16; FZD2; AMIGO2; DIP2C; CCDC107; MYLIP; CCDC102A; IFITM10; TMEM39B; LY96; SORBS1; CHPF; DDAH2; SORBS2; NAGLU; C1R; VWA5A; ANTXR1; PHF19; SFRP4; PPM1M; UST; SERPINH1; CRELD1; BDH2; MGST3; BLVRA; ZFP36L2; ST6GAL1; CREB3; CCPG1; TMEM8B; MRC2; NT5DC3; SELENOM; GUCY1A1; EFNB2; ADAMTS10; PEF1; NNMT; ARSJ; PCDHB13; HAAO; TENT5A; SIGLEC15; SUMF2; ZBTB40; HM13; LGALS1; ADAMTS6; DIAPH3; MYBL1; NRM; ZNF846; DOCK10; HNMT; FTL; PCDHGA6; FNIP2; COL6A1; HEXIM1; ADGRE5; GMPPA; IER5; PDGFA; CX3CL1; FIGN; NUMBL; KIRREL1; GAL3ST4; SEC61A1; KALRN; ITGA3; SRF; GUK1; DOK4; HYI; PCSK5; BDNF; STX8; SPRYD3; DOK7; MAML2; CCNI; LRCH3; EMP2; MRPL33; ARMC9; KLF6; CBX7; HDAC7; SBSPON; SCMH1; ABCC1; DPYSL3; PCDHGA7; NEDD9; IFFO1; FXYD5; CSRP2; RHOB; SIL1; PALLD; SLFN11; TBC1D10A; LRIG1; ARL2; NINJ1; CCN5,0.737177610828538
25,Cervix_Endocervix,151,1283,8531,1180,9814,0.632638309893315,COL1A1; FAM20A; KSR1; ; STING1; ZNF618; NA; GADD45G; SH3PXD2A; CACNB3; SELP; NPR2; MEX3A; GALNT6; ARHGEF40; ODF2L; HOXB3; CCDC74A; IFITM1; CCDC80; ENPP3; ACP6; NR1D1; MCUB; SLPI; PYROXD2; KRTCAP2; CYP24A1; TRANK1; PLEKHS1; CRISPLD2; C11orf95; RAB31; MEIS1; WSB1; CDK3; CAPN12; MMP11; NCOA5; IGFBP4; DNAJB13; EVA1A; C1QTNF6; RNF207; RP1; MYLIP; CCDC102A; TMEM39B; CEBPB; C20orf96; CHPF; DDAH2; CCDC74B; CHD3; PHYKPL; PLEKHA5; WDR27; SYNGAP1; NAGLU; TEAD2; C1R; PHF19; RUNX2; SFRP4; PER2; MELTF; PPM1M; STX5; PRICKLE2; BDH2; NYNRIN; ME3; BCL2; SYS1; NR2F1; TMEM8B; MRC2; CFAP52; SELENOM; SLC35E2B; ADAMTS10; PCDHB13; C7orf26; TENT5A; CMTM3; GPR153; SUMF2; ZNF43; PHC1; HM13; ZNF726; CEP70; PTPRU; NRM; LINC02614; RERE; WDR6; PCDHGA6; COL6A1; SDHAF1; RSL1D1; ZNF609; NCKAP5L; MOV10; PTK7; SOX4; GMPPA; PUSL1; ZNF398; PRR29; PLEKHH2; INVS; NUMBL; ACIN1; RCBTB2; IL1R1; PGBD2; COL24A1; SEC61A1; OCEL1; CPAMD8; HYI; AMT; WFDC2; KPNA5; ECE1; MFSD10; UBXN1; CCNI; MEIS2; PPP1R10; LRCH3; PCOLCE; TPST1; HHAT; TMEM63A; HDAC7; PCDHGA7; FXYD5; GPR89A; GRIN3B; RHOB; LINC01644; NASP; SLFN11; SNHG8; DRC3; LRIG1; HOXD3; PBX1; CCN5,0.957995154981305
43,Prostate,148,1278,8536,1180,9814,0.713070131784312,NOX5; MIR205HG; PNKD; ; PLAT; KRT15; SMIM31; NA; TMC5; PRDM8; MUC4; SPTSSB; BMP5; RUFY4; MUC20; TRIM45; ENPP3; NLRP9; ACP6; MUC3A; OR10H1; PLXNB1; ARHGEF38; PYROXD2; TRANK1; SMCO4; ATAT1; IKBKB; NFKBIL1; CRISPLD2; PICART1; NINL; B4GALT7; MEIS1; NUPR1; DNAH5; ASAP3; MESP1; SLC39A7; LRRC26; ELF3; CDK3; GPR161; NCOA5; HS1BP3; SLC25A38; JTB; SLC2A9; NUDT16L1; C1QTNF6; P3H2; RNF207; SPDEF; GCAT; RNF43; CCDC102A; C20orf96; RBBP8NL; HES1; CHD3; ABHD11; PHYKPL; TMPRSS2; ARRDC1; WDR27; PIM3; MAX; CDH3; RUNX2; PER2; STX5; ME3; ZNF594; ZNF600; PYGB; MALT1; CREB3; NR2F1; DCXR; MFSD3; PICK1; TMEM8B; ZNF789; GUCY1A1; TTC39A; ZNF69; C7orf26; TMEM141; RBCK1; SUMF2; ZBTB40; ZNF43; COMMD7; HM13; PTPRU; NR2F6; APOL1; LXN; ZNF846; LINC01376; ZNF300; LINC02614; RERE; WDR6; HEXIM1; NCKAP5L; MOV10; PTK7; PRIM2; OTULINL; GMPPA; PUSL1; ZNF398; RWDD2A; INVS; CASZ1; ACIN1; RCBTB2; PGBD2; SEC61A1; OCEL1; NAXE; LINC00578; CPAMD8; HYI; AMT; WFDC2; MFSD10; MEIS2; PPP1R10; ARFGAP1; HHAT; TMEM63A; SCMH1; DPYSL3; PCGF3; TNFSF15; EWSR1; SERINC5; SNHG8; TMED3; PASK; PEX6; KIAA1217; ALOX15B; OR7C1; SCNN1G; GNPTAB,0.999999721135411
19,Brain_Spinal_cord_.cervical_c.1.,117,1029,8785,1180,9814,0.7663995145912,SLC4A8; BCAS1; ; RASGRF1; PRTFDC1; TIAM1; NA; TUBB3; FAM178B; SOX2; ENO2; DST; FAM177A1; SCN1A; TMOD2; LRP2; DNM3; PCDH9; AGPAT4; HS3ST5; VAMP1; ASIC1; ARHGAP33; FBLL1; ATAT1; RHBDL2; MPP2; TMEM145; KIF3C; TMEM104; PRLH; NDRG2; TMEM132A; CIT; MEPE; DNAJB2; CPNE2; EPB41L2; MCM7; CCDC88A; RPS6KL1; GPR137C; CNGB1; FA2H; FMNL2; C12orf76; AGAP2; TMEM178A; PTPRZ1; IPO13; TMCC2; RNF187; FRMD5; ST3GAL5; GAD1; ABHD12; RNFT2; STMN3; IFT80; MAP4K4; CDK18; CSPG5; TIAF1; PLLP; CNIH2; MAP2; RNF208; SLC5A11; MPC1; TYRO3; ITPKB; ADGRL1; SCIN; PCDHA7; POU3F2; GPR19; VSNL1; EFR3B; RALGDS; TPRN; CCDC148; BRSK1; CXXC5; WDR49; MTUS1; DOCK10; OMG; CDR2L; ATL1; DHFR; ALDH6A1; PIGX; GNA14; IDNK; ADORA1; SNX24; SLC18B1; NFKBIB; FIS1; NUDT16; NHLH1; AIF1L; PEX16; NECAB2; SAPCD2; LINC00957; STK32C; NOL4L; TMEM63A; ARFGEF3; MARCKSL1; KIAA0319; CDK5; ZNF713; ANKRD13B; ARL2; TMC7,0.999999721135411
1,Adipose_Subcutaneous,153,1336,8478,1180,9814,0.768066522749559,ASS1; ; STING1; DGAT2; CALB2; TCIM; IFI16; NA; CSF1; SELP; NOD1; TPRG1; AKR1C2; C5orf38; NAV1; ARHGEF40; ODF2L; TBC1D16; ITSN1; DBN1; MGLL; C1RL; ACACB; IFITM1; ALDH2; ARRDC2; MCUB; MECOM; PYROXD2; PLAU; GRK5; PLEKHF1; IKBKB; CRIM1; CYP26B1; MCAM; MESP1; VAMP5; KANK3; BMP2; CPNE2; APOD; ANGPTL4; IGFBP4; ETV6; ZBTB16; TM4SF18; CCDC107; MYLIP; GCHFR; AKR1C3; NOSTRIN; CEBPB; LY96; DDAH2; F2RL3; PTPRS; ESAM; PHYKPL; NAGLU; CBLB; LINC01116; PIM3; C1R; GDPD5; LOXL2; STX5; PRICKLE2; LIPE; MGST3; KIAA0040; TBX15; BLVRA; TCN2; ZFP36L2; XXYLT1; SH3TC1; STON1; ADM5; MFNG; AREG; RNF135; TYMP; PTPRM; EFNB2; ADAMTS10; MGST1; NNMT; PFKFB3; MIR4435-2HG; USP39; CMTM3; GPR153; MED8; ACOX1; LGALS1; TNFAIP2; KLHL24; MCTP1; NRM; ARHGAP29; ZDHHC24; KLB; C2CD2; JDP2; HNMT; APMAP; FTL; RERE; STK38; FNIP2; RSL1D1; PDGFB; RCL1; AKR1C1; MET; HSD3B7; SOX4; CX3CL1; PLEKHH2; INVS; DLL4; GPR183; NABP1; KIRREL1; IL1R1; PCSK5; EPB41L4A; ECE1; ACAA2; RALGAPA2; PLEKHG1; UBXN1; MAML2; RASD1; KLF6; ASPH; KRCC1; RASAL2; ADAM15; LACTB; HDAC7; FOXO3; FASN; NEDD9; FXYD5; ABLIM3; EIF2B3; SLFN11; CCDC69; ZNF850; HOXD3; CCN5,0.999999721135411
21,Breast_Mammary_Tissue,153,1345,8469,1180,9814,0.796553538094226,MIR205HG; ASS1; ; DGAT2; KRT15; PODXL; ANKRD36C; IFI16; NA; CSF1; SELP; NOD1; AKR1C2; C5orf38; HAS3; GALNT6; ARHGEF40; ODF2L; HOXB3; EWSAT1; TBC1D16; ITSN1; MGLL; C1RL; ACACB; IFITM1; ARID5A; NFATC2; NOS3; CMTM7; MCUB; ARHGEF38; PYROXD2; KRT7; KRTCAP2; PLEKHS1; GJC3; PLEKHF1; IKBKB; CRIM1; ARL4A; MESP1; VAMP5; ELF3; KANK3; IL27RA; CPNE2; ANGPTL4; IGFBP4; ETV6; SPDEF; TM4SF18; AMIGO2; MYLIP; GCHFR; AKR1C3; NOSTRIN; LY96; DDAH2; HES1; F2RL3; PTPRS; ESAM; PHYKPL; WDR27; NAGLU; TEAD2; CBLB; LINC01116; PIM3; C1R; TMEM150C; VWA5A; CDH3; EMC8; SFRP4; MELTF; GDPD5; STX5; LIPE; MGST3; LAMA3; KIAA0040; ME3; BCL2; SYS1; TCN2; ZFP36L2; ADM5; MFNG; AREG; RNF135; TYMP; TTC39A; PTPRM; EFNB2; MGST1; NNMT; PFKFB3; PCDHB13; CMTM3; SIGLEC15; GPR153; SUMF2; ZNF43; TNFAIP2; MCTP1; ARHGAP29; ZDHHC24; LINC01376; KLB; C2CD2; MTUS1; HNMT; APMAP; RSL1D1; PDGFB; RCL1; AKR1C1; MET; SOX4; CX3CL1; DLL4; IL1R1; HYI; EPB41L4A; ECE1; MFSD10; RALGAPA2; PLEKHG1; UBXN1; MAML2; RASD1; KLF6; ASPH; HHAT; KRCC1; RASAL2; ADAM15; HDAC7; FOXO3; FASN; NEDD9; PCGF3; FXYD5; ABLIM3; SLFN11; SNHG8; LY6E; SRSF2; TBC1D10A; KIAA1217; HOXD3,0.999999721135411
7,Bladder,150,1390,8424,1180,9814,0.943148797192824,RBPMS; ASS1; ; PLAT; NA; SPOCD1; PRDM8; PDE4D; ACOT11; AKR1C2; INPP5B; SPTSSB; HAS3; VSIG2; ADGRF1; BMP5; C1RL; ID3; HS3ST5; MUC20; ADAM19; ACP6; FAXC; CMTM7; OR10H1; MECOM; PYROXD2; PLXNA2; CYP24A1; TRANK1; CD96; RHBDL2; PLEKHF1; IKBKB; NFKBIL1; SYT8; CRISPLD2; TMEM150A; ELF3; BMP2; HS1BP3; TMEM245; SLC25A38; SLC2A9; CTSD; APOBEC3C; RNF207; FNBP1; AMIGO2; CCDC102A; AKR1C3; CASP6; RBBP8NL; SORBS1; ST3GAL4; HES1; CHD3; UVSSA; PTPRS; PLEKHA5; ST3GAL5; ARRDC1; WDR27; PIM3; C1R; VWA5A; PHF19; UST; LINC01983; PRICKLE2; NYNRIN; SYS1; CYP4F12; ZNF600; PYGB; STON1; ITPKB; SCIN; NR2F1; FOXP2; TMEM8B; NT5DC3; SELENOM; ZNF69; ZNF124; SATB1; C7orf26; USP39; SIGLEC15; SUMF2; ACOX1; ZBTB40; ZNF43; ZNF726; TNFAIP2; PTPRU; KLHL24; NR2F6; APOL1; TRIM16; ZNF846; ZDHHC24; LINC01376; PTPN13; HNMT; RERE; STK38; WDR6; COL6A1; CHFR; TRIM16L; ZNF609; ZC3H4; AKR1C1; NTNG1; ITGB6; GNA14; PUSL1; ZNF398; ACIN1; COL24A1; SRF; HYI; WFDC2; EGLN3; SH3BP1; MFSD10; DGKH; MAML2; CCNI; MEIS2; PPP1R10; LRCH3; ENTPD3; TPST1; HHAT; PPARGC1B; CBX7; HDAC7; SBSPON; SCMH1; DPYSL3; TNFSF15; SERINC5; MTRF1; PALLD; AQP3; CCDC69; PBX1; TMC7,0.999999721135411
33,Heart_Left_Ventricle,142,1346,8468,1180,9814,0.968272578744619,SYNPO; ; PODXL; TCIM; NA; GADD45G; ACOT11; IL32; B4GALNT3; KLHDC8B; CRIP2; DST; FAM177A1; OBSCN; FSTL3; NAV1; BMP5; ADAM19; TRIM45; STRIP2; FHL2; NOS3; NDRG4; SMCO4; NGF; GRK5; PLEKHF1; PPFIBP1; CRY2; CLGN; MMP11; KANK3; IL27RA; AKAP6; TMEM245; SURF1; CTSD; SLC25A34; NUDT16L1; RNF207; GCAT; BLM; FGF9; PHYH; YAF2; KIFC3; SORBS1; CHPF; HMOX2; PFKM; ST3GAL4; SEMA6C; ACTA1; SORBS2; WARS1; ESAM; C15orf65; IPO13; PLEKHA5; FRMD5; RGS9BP; TEAD2; CBLB; CDK18; EMC8; TIAF1; TMEM147; LINC01719; CRELD1; MGST3; ME3; DNAAF3; PYGB; BLVRB; MPC1; NDUFB9; NBAS; PTGES2; PFKFB2; GUCY1A1; TTC39A; PTPRM; COQ10A; TM7SF2; TENT5A; ASIP; ACOX1; CFLAR; COMMD7; LDHD; FASTKD1; KLHL24; COMTD1; NR2F6; MTUS1; MPV17L2; SUCLG1; PCDHGA6; FNIP2; NCKAP5L; PDGFB; SLC25A12; CDKN2AIPNL; IER5; CISD1; JMJD6; CASZ1; DLL4; SIAE; MYO18A; SRF; NAXE; CPAMD8; CD274; BDNF; FIS1; EPB41L4A; EGLN3; NUDT16; ACAA2; TSPAN32; DOK7; URB1-AS1; GCDH; MRPL33; PPARGC1B; RASAL2; LACTB; AGT; PCDHGA7; NDUFS8; ABLIM3; DMAC1; RAB15; EIF2B3; TMEM186; PALLD; TACC2; TNNC1; CCDC69; LRIG1; SNTA1,0.999999721135411
22,Cells_EBV.transformed_lymphocytes,157,1506,8308,1180,9814,0.984006705295937,LGALS9; KSR1; ; LCK; THEMIS2; LAG3; TRIM22; IFI16; NA; IL32; EBI3; INPP5B; PTAFR; LINC01547; AIM2; IL7; LINC01800; RUFY4; IFITM1; BTN3A2; NLRC5; CENPE; TROAP; CARMIL2; HELLS; IQGAP3; MCUB; PTPN6; FANCI; GMFG; DNMT3A; FANCA; GTSE1; LINC01588; PFKFB4; KIF20B; CHEK2; WDR54; DOK3; AURKB; TICRR; MACROD2; IL27RA; SMC4; SGO1; KIF18B; CDCA3; APOBEC3C; MCM7; ARHGDIB; MZB1; TOP2A; MYO3B; ESPL1; PIK3CD; HJURP; HMGB2; FNBP1; BATF3; BLM; ETV4; ITGB2; IL24; CENPF; NSUN5; MAP2K6; LIG1; CENPK; ASPM; WARS1; OSBPL3; KIF14; PHF19; KIF15; KNL1; DEPDC1B; IL12RB2; E2F2; BCL2; CDC25C; RAD54L; MALT1; POLQ; MFNG; ST6GAL1; ABRACL; NUF2; PCLAF; SMC2; SPAG5; SGO2; SIGLEC15; EIF2AK2; KIF20A; GEN1; FASTKD1; MTFR2; IPCEF1; DIAPH3; NRM; MACC1; LINC01572; SKA3; KIF2C; DOCK10; ZWINT; APOBEC3B; ERAP2; CHFR; STAG3; FCMR; ARHGAP30; RSL1D1; ZNF609; DHFR; TK1; CDC45; PRIM2; ITGAL; KNTC1; IER5; CEP128; GPR132; GPR183; CDKN2A; RCBTB2; TRIM25; NDC80; CD274; ICAM3; MCTP2; SH3BP1; CENPW; POLD1; BNIP1; EZH2; FBXO16; PLK4; ADAM8; CENPU; LACTB; ANKLE1; PRC1; OGFRP1; MTRF1; TMEM186; NASP; DNA2; NCAPG; PTTG1; CDK6; PASK; LY6E; NUP210; ZNF850; SASS6; ORC6,0.999999721135411
26,Colon_Sigmoid,147,1429,8385,1180,9814,0.988141895913415,RBPMS; ; PLAT; LAG3; TCIM; TENT5B; NA; SH3PXD2A; PRDM8; PDE4D; PLCB1; NPR2; KLHDC8B; INPP5B; DST; SCN9A; HOXB3; DBN1; VAMP1; ADAM19; MTMR11; NFATC2; FAXC; DLGAP4; COL28A1; DNMT3A; KRTCAP2; PLEKHG2; NFKBIL1; CRISPLD2; ZACN; TMEM150A; C11orf95; NINL; KIAA1614; MEIS1; NUPR1; GPR161; ITGB3; EPB41L2; NCOA5; HS1BP3; TMEM245; SURF1; APOBEC3C; ALK; IGFBP4; ETV6; P3H2; FNBP1; AMIGO2; DIP2C; FBXO32; CCDC107; CCDC102A; DTX3; CASP6; NSUN5; SORBS1; DDAH2; PSD; MTCL1; CHD3; SORBS2; TEAD2; LINC01116; MAX; PHF19; LOXL2; PRICKLE2; CRELD1; BLVRA; ZNF594; SYS1; PYGB; XXYLT1; STON1; ITPKB; SPTSSA; CREB3; FOXP2; NT5DC3; SELENOM; GUCY1A1; PCDHB13; SATB1; C7orf26; USP39; GALR2; CFLAR; COMMD7; ZNF337; LGALS1; APOL1; FER; MPV17L2; LGI4; RERE; STK38; WDR6; COL6A1; SDHAF1; CHFR; TRIM16L; ZNF609; ZC3H4; PDGFB; SLC25A12; SDC4; GNA14; JMJD6; ZNF398; PLEKHH2; CASZ1; ACIN1; COL24A1; SRF; LINC00578; HYI; AMT; ECE1; DEPTOR; STX8; HTR3A; UBXN1; MEIS2; LRCH3; NOL4L; ARMC9; PPARGC1B; KRCC1; CBX7; HDAC7; SCMH1; ABCC1; DPYSL3; PCDHGA7; TNFSF15; IKZF4; RHOB; TMEM186; PALLD; NUDC; FOXK1; CCDC69; LRIG1; PBX1,0.999999721135411
50,Thyroid,143,1400,8414,1180,9814,0.990084446430183,KSR1; ATOH8; ; TFF3; ZNF618; PODXL; NA; ACOT11; NOD1; GPRC5C; PALM3; SPTLC3; S100A5; ODF2L; ADGRF1; CLDN3; LRP2; C16orf89; ID3; TRIM45; ACP6; RASSF4; SPATA6L; PLXNB1; AVIL; KRT7; KRTCAP2; SMCO4; RNPC3; IKBKB; TMEM208; PPFIBP1; TMEM104; NINL; B4GALT7; NUPR1; ACYP1; SLC39A7; CDK3; BMP2; ITGB3; TMEM245; SLC25A38; JTB; SULT1C2; CCDC189; TM4SF18; MYLIP; TMEM39B; KCNC3; C20orf96; LIMK2; KIFC3; RBBP8NL; HES1; NAA40; LIG1; F2RL3; ABHD11; UVSSA; ESAM; PHYKPL; ST3GAL5; ARRDC1; ABHD12; WDR27; NAGLU; OSBPL3; LUCAT1; IFT80; MROH1; STX5; UST; TMEM147; CRELD1; BDH2; CRELD2; BCL2; ZNF594; SYS1; PLEK2; ZFP36L2; IFT88; MFSD3; FAM189A2; TMEM8B; PFKFB2; PTPRM; PEF1; CPLANE2; MIR4435-2HG; CCDC148; SUMF2; ZNF43; COMMD7; PHC1; CEP70; IPCEF1; ARHGAP29; ZDHHC24; ZNF300; APMAP; WDR6; TFCP2L1; GOLGA8A; MET; PLCG1; LRP8; GMPPA; GNA14; CEP128; MOK; SCNN1A; ACIN1; RCBTB2; SIAE; PGBD2; ITGA3; CCDC84-DT; SLC26A11; OCEL1; CPAMD8; WFDC2; EPB41L4A; DEPTOR; HSDL1; MFSD10; RALGAPA2; POLD1; PPP1R10; RAB36; HHAT; ABCC1; PCGF3; SLCO2A1; LINC01644; SIL1; SLFN11; TMED3; DRC3; SRSF2; PRR15L; KIAA1217,0.999999721135411
39,Nerve_Tibial,130,1339,8475,1180,9814,0.998212822967416,KSR1; ATOH8; ; STING1; PLAT; IFI16; NA; SH3PXD2A; NOD1; FAM178B; NPR2; FSTL3; PLEKHG3; SCN9A; ARHGEF40; TMOD2; C1RL; IFITM1; TRIM45; ACP6; RASSF4; COL28A1; PYROXD2; KRTCAP2; PLEKHG2; NGF; GJC3; RNPC3; PLEKHF1; IKBKB; RGCC; CHEK2; AURKB; ASAP3; WSB1; CPNE2; EPB41L2; APOD; IGFBP4; FZD2; ETV4; FA2H; FMNL2; SMARCD2; KIFC3; DDAH2; ST3GAL4; TLE2; BACH2; UVSSA; PTPRS; PHYKPL; ABHD12; CBLB; C1R; PHF19; RUNX2; BMP8B; SFRP4; GDPD5; STX5; PLLP; UST; EXTL1; DEPDC1B; LAMA3; BCL2; FLVCR2; ADM5; NR2F1; TMEM8B; TRIB2; PCDHB13; LMO7DN; C7orf26; CMTM3; GPR153; CASTOR1; ADD3; LGALS1; PTPRU; NRM; LINC01376; LY6G5B; FER; ZNF300; PTPN13; JDP2; LGI4; RASGEF1A; STK38; MGAM2; NCKAP5L; PRX; ZC3H4; MET; NTNG1; PLEKHH2; INVS; FIGN; GPR183; SNX24; NUMBL; CCDC84-DT; ECE1; NUDT16; SEC22A; ITGB4; MFSD10; ERBB3; PHLDA1; LRCH3; GAS2L3; ARHGAP39; KLF6; SRM; KRCC1; RASAL2; ADAM15; HDAC7; SBSPON; FOXO3; NEDD9; IFFO1; GRIN3B; NASP; SLFN11; TBC1D10A; ANKRD13B; ARL2,0.999999721135411
40,Ovary,128,1335,8479,1180,9814,0.998903362956063,CFI; ; DNAH2; ZNF618; LAG3; PRTFDC1; SYNE1; NA; CACNB3; NOD1; KLHDC8B; MEX3A; INPP5B; CCDC74A; C1RL; IFITM1; TRIM45; MTMR11; FHL2; ARHGAP33; FGFR4; DNMT3A; PYROXD2; PLXNA2; NGF; NFKBIL1; PPFIBP1; C11orf95; NINL; CHEK2; C4BPB; MEIS1; ASAP3; MMP11; AGFG2; EPB41L2; NCOA5; SLC25A38; IGFBP4; TMEM39B; DTX3; C20orf96; CHPF; ST3GAL4; BACH2; CHD3; CCDC68; PHYKPL; PLEKHA5; WDR27; SYNGAP1; LINC01116; C1R; TMEM150C; ANTXR1; CDH3; PHF19; STX5; BDH2; NYNRIN; RALGPS2; ME3; ZNF594; SYS1; ZFP36L2; TYRO3; NR2F1; FAM189A2; TMEM8B; MRC2; SLC35E2B; TRIB2; CPLANE2; ZNF69; PCDHB13; TENT5A; CMTM3; ASIP; RCCD1; ZNF43; PHC1; ZNF337; PTPRU; LXN; ZNF846; ZNF300; PTPN13; DOCK10; HNMT; LINC02614; LINC00205; WDR6; PCDHGA6; COL6A1; GOLGA8A; RSL1D1; ZNF609; MOV10; PTK7; SOX4; KIAA0895L; PLEKHH2; INVS; FIGN; ACIN1; RCBTB2; PGBD2; CCDC84-DT; SLC26A11; HYI; PCSK5; AMT; KPNA5; MFSD10; UBXN1; CCNI; LRCH3; MARCKSL1; PCDHGA7; PCGF3; IKZF4; SERINC5; NASP; SLFN11; SNHG8; PEX6; ZNF850; HOXD3,0.999999721135411
28,Esophagus_Gastroesophageal_Junction,136,1441,8373,1180,9814,0.999661619789922,RBPMS; ; TENT5B; NA; GADD45G; PRDM8; PLCB1; NPR2; KLHDC8B; INPP5B; DST; FSTL3; HOXB3; DBN1; C1RL; ID3; ARID5A; ADAM19; FAXC; DLGAP4; PLXNB1; DNMT3A; PYROXD2; KRTCAP2; PLEKHG2; PLEKHF1; NFKBIL1; CRISPLD2; TMEM150A; C11orf95; RAB31; SMURF2; KIAA1614; MEIS1; NUPR1; WSB1; VAMP5; GPR161; HS1BP3; TMEM245; SURF1; SLC2A9; GPR68; ZBTB16; DNAH11; FNBP1; DIP2C; RASGRP2; CCDC107; SMARCD2; CCDC102A; DTX3; SORBS1; PLEKHA5; TEAD2; C1R; MAX; PHF19; TRAPPC9; PRICKLE2; CRELD1; KIAA0040; BLVRA; SYS1; PYGB; STON1; ITPKB; SPTSSA; CREB3; FOXP2; TMEM8B; NT5DC3; SELENOM; GUCY1A1; ARSJ; PCDHB13; C7orf26; USP39; ZBTB40; CFLAR; COMMD7; ZNF337; ADAMTS6; APOL1; ZNF846; FER; MPV17L2; RERE; STK38; WDR6; COL6A1; SDHAF1; CHFR; ZNF609; AKR1C1; SLC25A12; PDGFA; JMJD6; ZNF398; FIGN; NUMBL; COL24A1; SRF; NAXE; LINC00578; HYI; CENPW; STX8; SPRYD3; DGKH; UBXN1; CCNI; MEIS2; LRCH3; MRPL33; ARMC9; PPARGC1B; KRCC1; CBX7; HDAC7; SBSPON; SCMH1; ABCC1; DPYSL3; PCDHGA7; IFFO1; CSRP2; IKZF4; RHOB; TMEM186; PALLD; NUDC; CCDC69; LRIG1; ARL2; PBX1,0.999999721135411
51,Uterus,134,1477,8337,1180,9814,0.999960345712661,FAM20A; KSR1; ; ZNF618; LAG3; PODXL; NA; SH3PXD2A; CACNB3; SELP; NPR2; MEX3A; DST; PLEKHG3; DBN1; TRIM45; PAEP; ACP6; MCUB; DNMT3A; KRTCAP2; TRANK1; PLEKHG2; NGF; IKBKB; NFKBIL1; CRISPLD2; C11orf95; KIAA1614; MEIS1; WSB1; CDK3; MMP11; GPR161; NCOA5; IGFBP4; C1QTNF6; MYLIP; CCDC102A; NOSTRIN; TMEM39B; DTX3; C20orf96; DDAH2; BACH2; CHD3; PLEKHA5; WDR27; SYNGAP1; TEAD2; LINC01116; MAX; CDH3; PHF19; SFRP4; STX5; PRICKLE2; NYNRIN; LAMA3; ME3; BCL2; ZNF594; SYS1; XXYLT1; STON1; ITPKB; NR2F1; FOXP2; TMEM8B; MRC2; SELENOM; SLC35E2B; ADAMTS10; PCDHB13; C7orf26; ZBTB40; PHC1; LGALS1; PTPRU; NRM; ZNF846; ZNF300; HNMT; KCNAB3; LINC02614; RERE; WDR6; PCDHGA6; COL6A1; ADGRE5; ZNF609; MOV10; PTK7; ZC3H4; PLCG1; SOX4; GNA14; PUSL1; PLEKHH2; CEP128; INVS; DLL4; NUMBL; ACIN1; GAL3ST4; SRF; HYI; AMT; KPNA5; CENPW; MFSD10; DGKH; UBXN1; CCNI; MEIS2; LRCH3; ARFGAP1; ARMC9; CBX7; HDAC7; SCMH1; DPYSL3; PCDHGA7; PCGF3; BTN3A3; IFFO1; EWSR1; PALLD; NASP; SRSF2; FOXK1; ZNF850; HOXD3; PBX1,0.999999721135411
3,Adrenal_Gland,137,1519,8295,1180,9814,0.99997795940726,CFI; ; PRTFDC1; SULT1A1; NA; KLHDC8B; FSTL3; ARHGEF40; CCDC74A; C1RL; BTN3A2; ALDH2; ENPP3; PNPO; DNMT3A; PYROXD2; GRAMD1B; SMCO4; LINC01588; TMEM208; TMEM104; RAB31; B4GALT7; MEIS1; NUPR1; ASAP3; VAMP5; SLC39A7; AGFG2; HS1BP3; TMEM245; SURF1; SLC25A38; CTSD; APOBEC3C; NUDT16L1; PWWP2B; SRPRB; C1QTNF6; DNAH11; P3H2; PHYH; RNF43; IFITM10; CEBPB; PTPRH; ST3GAL4; NAA40; MIR378D2HG; SORBS2; SLC16A9; PLEKHA5; RNF187; FRMD5; ST3GAL5; NAGLU; LINC01116; TMEM150C; VWA5A; FIBCD1; TMEM147; BDH2; ME3; SYS1; PLEK2; FLVCR2; SPTSSA; CREB3; NR2F1; MFSD3; PTGES2; TRIB2; MGST1; CPLANE2; ZNF69; PCDHB13; TM7SF2; RBCK1; RHOBTB1; SUMF2; ZBTB40; RCCD1; ZNF43; HM13; LXN; TRIM16; ZDHHC24; C2CD2; MPV17L2; WDR6; HEXIM1; TRIM16L; ATP6V0B; NCKAP5L; MOV10; HSD3B7; CHST4; ATP6V0D1; PUSL1; RWDD2A; CDKN2A; SEC61A1; SLC26A11; OCEL1; NAXE; ECE1; DEPTOR; BNIP1; PPP1R10; URB1-AS1; MRPL33; ARMC9; ASPH; HHAT; LACTB; HDAC7; BTN3A3; NDUFS8; STARD10; SPNS3; SYBU; EWSR1; IKZF4; SERINC5; MTRF1; EIF2B3; TMEM186; SIL1; NUDC; CDK6; LY6E; ITGA2; CCDC69; TTC39C; HOXD3; NINJ1; OR7C1,0.999999721135411
6,Artery_Tibial,127,1475,8339,1180,9814,0.999997696343361,RBPMS; ATOH8; SYNPO; ; STING1; ZNF618; TENT5B; NA; GADD45G; PDE4D; GPRC5C; NPR2; CRIP2; INPP5B; DST; FAM177A1; FSTL3; SPRED3; PLEKHG3; GADD45B; ID3; ARID5A; MTMR11; FBXL2; ARRDC2; DLGAP4; PLXNB1; PLEKHG2; NGF; GRK5; CRIM1; COL8A1; RAB31; MCAM; WSB1; ITGB3; HS1BP3; AKAP6; SLC25A38; ETV6; ZBTB16; MYO3B; AMIGO2; DIP2C; FBXO32; RASGRP2; CCDC107; MYLIP; CCDC102A; CEBPB; MT1X; SORBS1; DDAH2; ETNK2; SORBS2; ESAM; DUSP8; NAGLU; TEAD2; C1R; ANTXR1; PHF19; PRICKLE2; TBX15; BLVRA; ZFP36L2; PYGB; CREB3; CCPG1; TMEM8B; NT5DC3; SELENOM; GUCY1A1; SUSD2; ADAMTS10; PEF1; NNMT; ARSJ; PCDHB13; HAAO; SATB1; USP39; SUMF2; ZBTB40; MYBL1; NRM; LINC01376; FER; DOCK10; HNMT; RERE; FNIP2; HEXIM1; ADGRE5; RCL1; SDC4; PDGFA; CX3CL1; FIGN; NUMBL; KIRREL1; KALRN; ITGA3; SRF; HYI; PCSK5; BDNF; ECE1; STX8; SPRYD3; DGKH; UBXN1; MAML2; CCNI; FBXO16; RASAL2; CBX7; SBSPON; SCMH1; FOXO3; DPYSL3; CSRP2; RHOB; PALLD; FOXK1; LRIG1; CCN5,0.999999721135411
30,Esophagus_Muscularis,127,1478,8336,1180,9814,0.999998001867426,RBPMS; ; TENT5B; NA; GADD45G; PRDM8; ACOT11; PLCB1; NPR2; KLHDC8B; CRIP2; INPP5B; DST; HOXB3; DBN1; C1RL; ID3; ADAM19; FAXC; DLGAP4; PLXNB1; COL28A1; DNMT3A; PLEKHG2; NFKBIL1; CRISPLD2; TMEM150A; RAB31; SMURF2; KIAA1614; MEIS1; VAMP5; GPR161; HS1BP3; TMEM245; SURF1; SLC2A9; ZBTB16; DNAH11; P3H2; FNBP1; DIP2C; CCDC107; SMARCD2; CCDC102A; DTX3; NSUN5; SORBS1; PLEKHA5; TEAD2; C1R; MAX; PHF19; EMC8; TRAPPC9; LOXL2; PRICKLE2; KIAA0040; BLVRA; SYS1; PYGB; STON1; ITPKB; CREB3; FOXP2; TMEM8B; NT5DC3; SELENOM; GUCY1A1; ARSJ; PCDHB13; C7orf26; USP39; ZBTB40; CFLAR; COMMD7; ZNF337; ZNF846; FER; MPV17L2; RERE; STK38; WDR6; PCDHGA6; FNIP2; COL6A1; SDHAF1; CHFR; TRIM16L; ZNF609; AKR1C1; SLC25A12; PDGFA; CISD1; JMJD6; ZNF398; COL24A1; SRF; NAXE; LINC00578; STX8; SPRYD3; TNIK; UBXN1; CCNI; MEIS2; LRCH3; MRPL33; ARMC9; PPARGC1B; KRCC1; CBX7; HDAC7; SCMH1; ABCC1; DPYSL3; PCDHGA7; NDUFS8; IKZF4; RHOB; TMEM186; PALLD; NUDC; CCDC69; LRIG1; PBX1; CCN5,0.999999721135411
23,Cells_Transformed_fibroblasts,138,1598,8216,1180,9814,0.999999036621528,COL1A1; ; ZNF618; TRIM22; IFI16; NA; CSF1; SPOCD1; SH3PXD2A; PSG1; FOSL1; C5orf38; S100A5; NAV1; LINC01547; TBC1D16; DBN1; SLC7A11; CCDC80; CENPE; GALNT5; IQGAP3; CXCL1; GTSE1; YIF1A; CRIM1; COL8A1; TMEM104; KIF20B; CHEK2; TFPI2; SMURF2; SLC39A7; SMC4; SGO1; KIF18B; APOBEC3C; IGFBP4; SRPRB; EVA1A; C1QTNF6; FZD2; TOP2A; HJURP; ETV4; SMARCD2; CENPF; HMGA2; CHPF; CENPK; ASPM; ATG101; OSBPL3; KIF14; LINC01116; IFT80; MAP4K4; C1R; ANTXR1; RUNX2; EMC8; LUZP1; LOXL2; TMEM147; STEAP3; SERPINH1; RALGPS2; XXYLT1; PCLAF; MRC2; SUSD2; SMC2; PTPRM; NNMT; ARSJ; SGO2; MIR4435-2HG; CMTM3; MED8; SUMF2; EIF2AK2; KIF20A; HM13; LGALS1; ADAMTS6; DIAPH3; ZDHHC24; SKA3; PTPN13; JDP2; HNMT; APOBEC3B; FTL; MT2A; YKT6; COL6A1; HEXIM1; RSL1D1; PTK7; DHFR; TK1; PRIM2; MET; SARS1; IER5; PUSL1; NABP1; CDKN2A; KIRREL1; SIAE; IL1R1; TRIM25; SEC61A1; CCDC84-DT; NDC80; LINC00578; CENPW; PHLDA1; BNIP1; MAML2; GPANK1; PCOLCE; TPST1; SRM; ASPH; LACTB; PCDHGA7; FXYD5; PRC1; GPR89A; SIL1; SLFN11; NCAPG; TMED3; CDK6; LY6E; ATAD3A; GPR1,0.999999721135411
38,Muscle_Skeletal,115,1402,8412,1180,9814,0.999999721135411,ATOH8; SYNPO; ; NA; GADD45G; PDE4D; GPRC5C; AKR1C2; OBSCN; UCP3; CHRNB1; ACACB; TRIM45; STRIP2; ARRDC2; DLGAP4; PNPO; AVIL; PLEKHF1; TMEM150A; MYLK4; CRY2; NDRG2; ASAP3; MESP1; VAMP5; AKAP6; CHAC1; C1orf127; SLC25A34; MYLK2; ZBTB16; DIP2C; FBXO32; PHYH; YAF2; CEBPB; NSUN5; MT1X; MAP2K6; PFKM; SEMA6C; ACTA1; BACH2; C15orf65; IPO13; RGS9BP; TNNI1; MYBPH; TRAPPC9; TIAF1; LINC01719; STEAP3; MYBPC1; IL12RB2; TBX15; BLVRB; NDUFB9; BIN1; DDN; FAM189A2; PTGES2; TOM1; PFKFB2; COQ10A; NNMT; PFKFB3; SATB1; USP39; RHOBTB1; CFLAR; GLRX; LINC01003; LDHD; CHRNA10; OSBPL6; KLHL24; MTUS1; RERE; SUCLG1; MT2A; TRIM16L; CA3; RSL1D1; MET; SCN1B; SLC25A12; CDKN2AIPNL; ITGB6; IER5; CISD1; JMJD6; CASZ1; MYO18A; FIS1; ACAA2; DEPTOR; RALGAPA2; UBXN1; DOK7; MRPL33; RASD1; LACTB; FOXO3; NDUFS8; SSH2; DMAC1; EIF2B3; TMEM186; TACC2; ATAD3A; TNNC1; CCDC69; KIAA1217; SNTA1,0.999999721135411
